{
  "hookResponse": {
    "value": "reply",
    "checkRoot": "false",
    "fileName": "pradeep Docx",
    "googleDriveMessage": "**pradeep kanukuntla** replied to the comment on [pradeep Docx](https://docs.google.com/document/d/1SZ2RBBErbavdRMtSvBYoepQQtLOWLFYUgW7PX4SQmfA)** \n        pradeep kanukuntla commented  \"hi ia am pradeep\"  \n        pradeep kanukuntla replied  \"iwil check\"",
    "pid": "0B67R--HNWuQaclRuMW52MHpMTGM"
  },
  "userEvents": "{\"room_name\":\"CISCO Spark Integration\",\"file_id\":\"0B67R--HNWuQaclRuMW52MHpMTGM\",\"resources\":\"All Root Files\",\"user_name\":\"Chennakesavulu\",\"owner_name\":\"pradeep kanukuntla\",\"authenticated_to\":\"pk455375@gmail.com\",\"displayName\":\"pradeepGD\",\"notifications\":[\"file_added\",\"folder_added\",\"comment_create\",\"comment_reply\",\"comment_resolve\",\"comment_reopen\"]}",
  "instanceDetails": {
    "instanceId": 4723,
    "integrationId": "Y2lzY29zcGFyazovL3VzL0FQUExJQ0FUSU9OLzY4MzI2OGQzLTI2YjAtNDQ1OC1iMzViLWFmODcwYjU2MTYyNg",
    "userId": "Y2lzY29zcGFyazovL3VzL1BFT1BMRS9mMGU2OWMzYi1lMzU4LTQ3ZTUtODQyYy02MWMxMmRlNTVhY2Q",
    "updatedDate": "2016-08-26T02:17:31",
    "messageFormat": "Google Drive Bot :Hello...User",
    "createdDate": "2016-08-22T05:52:33",
    "status": "ACTIVE",
    "channelId": "Y2lzY29zcGFyazovL3VzL1JPT00vMzUxZTg3MjAtMzg0OS0xMWU2LWFlYTEtZDcxYTIzNWEzNTll",
    "configJson": "{\"room_name\":\"CISCO Spark Integration\",\"file_id\":\"rootfiles\",\"resources\":\"All Root Files\",\"user_name\":\"Chennakesavulu\",\"owner_name\":\"pradeep kanukuntla\",\"authenticated_to\":\"pk455375@gmail.com\",\"displayName\":\"pradeepGD\",\"notifications\":[\"file_added\",\"folder_added\",\"comment_create\",\"comment_reply\",\"comment_resolve\",\"comment_reopen\"]}",
    "instanceUuid": "9eebc4c0-682c-11e6-9375-0e0ffbd54461"
  }
}