<?xml version="1.0" encoding="UTF-8"?>

<mule xmlns:dw="http://www.mulesoft.org/schema/mule/ee/dw" xmlns:tracking="http://www.mulesoft.org/schema/mule/ee/tracking" xmlns:db="http://www.mulesoft.org/schema/mule/db" xmlns="http://www.mulesoft.org/schema/mule/core" xmlns:doc="http://www.mulesoft.org/schema/mule/documentation"
	xmlns:spring="http://www.springframework.org/schema/beans" 
	xmlns:xsi="http://www.w3.org/2001/XMLSchema-instance"
	xsi:schemaLocation="http://www.springframework.org/schema/beans http://www.springframework.org/schema/beans/spring-beans-current.xsd
http://www.mulesoft.org/schema/mule/core http://www.mulesoft.org/schema/mule/core/current/mule.xsd
http://www.mulesoft.org/schema/mule/db http://www.mulesoft.org/schema/mule/db/current/mule-db.xsd
http://www.mulesoft.org/schema/mule/ee/tracking http://www.mulesoft.org/schema/mule/ee/tracking/current/mule-tracking-ee.xsd
http://www.mulesoft.org/schema/mule/ee/dw http://www.mulesoft.org/schema/mule/ee/dw/current/dw.xsd">
    
    <flow name="getApplicationsFlow">
        <db:select config-ref="MySQL_Configuration" doc:name="Get all Integrations">
            <db:parameterized-query><![CDATA[SELECT * FROM APPLICATIONS]]></db:parameterized-query>


        </db:select>
        <choice doc:name="Check Result Set Size">
            <when expression="#[payload != []]">
                <dw:transform-message doc:name="Build Get Applications Response">
                    <dw:set-payload resource="classpath:dwScripts/buildGetApplicationsResponse.dwl"/>
                </dw:transform-message>
            </when>
            <otherwise>
                <dw:transform-message doc:name="Build No Results Message">
                    <dw:set-payload resource="classpath:dwScripts/buildSelectNoResultsResponse.dwl"/>
                </dw:transform-message>
            </otherwise>
        </choice>
    </flow>
    
    <flow name="getApplicationFlow">
        <db:select config-ref="MySQL_Configuration" doc:name="Get Integration details">
            <db:parameterized-query><![CDATA[SELECT * FROM APPLICATIONS WHERE application_id = #[flowVars['applicationId']]]]></db:parameterized-query>


        </db:select>
        <choice doc:name="Check Result Set Size">
            <when expression="#[payload != []]">
                <dw:transform-message doc:name="Build Get Application Response">
                    <dw:set-payload resource="classpath:dwScripts/buildGetApplicationResponse.dwl"/>
                </dw:transform-message>
            </when>
            <otherwise>
                <dw:transform-message doc:name="Build No Results Message">
                    <dw:set-payload resource="classpath:dwScripts/buildSelectNoResultsResponse.dwl"/>
                </dw:transform-message>
            </otherwise>
        </choice>

    </flow>
    

</mule>
