{
  "hookResponse": {
    "events": [
      {
        "resource": 250280002373418,
        "user": 211495747884480,
        "type": "task",
        "action": "changed",
        "created_at": "2017-01-19T14:05:30.580Z",
        "parent": null
      },
      {
        "resource": 250280002373487,
        "user": 211495747884480,
        "type": "task",
        "action": "changed",
        "created_at": "2017-01-19T14:05:30.575Z",
        "parent": null
      },
      {
        "resource": 250280002373512,
        "user": 211495747884480,
        "type": "story",
        "action": "added",
        "created_at": "2017-01-19T14:05:30.582Z",
        "parent": 250280002373487
      }
    ]
  },
  "userEvents": "{\"project_id\":\"250233301215731\",\"organization_id\":\"9433177677643\",\"team_id\":\"214694832019534\",\"displayName\":\"4-36pm\",\"webhook_id\":250283822612981,\"notifications\":[\"created\",\"subtask\",\"assigned\",\"unassigned\",\"completed\",\"incomplete\",\"comment\",\"attachment\",\"duedate\",\"taskcopied\",\"markfavorite\",\"markduplicate\",\"subtask_taskcopied\",\"subtask_subtask\",\"subtask_assigned\",\"subtask_unassigned\",\"subtask_completed\",\"subtask_incomplete\",\"subtask_comment\",\"subtask_attachment\",\"subtask_markfavorite\",\"subtask_markduplicate\",\"subtask_duedate\"],\"asana_user_id\":211495747884480}",
  "instanceDetails": {
    "instanceId": 11340,
    "integrationId": "Y2lzY29zcGFyazovL3VzL0FQUExJQ0FUSU9OL0MxOGZiZWJkMmQ4OWQ1Y2JiYTZlYzY3OGE0MzNhYWQ3YzYyZjMyYzBhZWU4NWU2MGEwMDE4ZDI5NjRlZmZjNmFi",
    "userId": "Y2lzY29zcGFyazovL3VzL1BFT1BMRS85ZDE3OTViNC02MWE0LTQ2ZTQtYTZjOC04YTBkMDUwYmRkYTQ",
    "updatedDate": "2017-01-19T11:06:31",
    "messageFormat": "Asana Bot",
    "createdDate": "2017-01-19T11:06:21",
    "status": "ACTIVE",
    "channelId": "Y2lzY29zcGFyazovL3VzL1JPT00vMGFiNTMyMDAtYWMxMC0xMWU2LWEyY2EtZjU5YzNmNDM3NTIy",
    "configJson": "{\"project_id\":\"250233301215731\",\"organization_id\":\"9433177677643\",\"team_id\":\"214694832019534\",\"displayName\":\"4-36pm\",\"webhook_id\":250283822612981,\"notifications\":[\"created\",\"subtask\",\"assigned\",\"unassigned\",\"completed\",\"incomplete\",\"comment\",\"attachment\",\"duedate\",\"taskcopied\",\"markfavorite\",\"markduplicate\",\"subtask_taskcopied\",\"subtask_subtask\",\"subtask_assigned\",\"subtask_unassigned\",\"subtask_completed\",\"subtask_incomplete\",\"subtask_comment\",\"subtask_attachment\",\"subtask_markfavorite\",\"subtask_markduplicate\",\"subtask_duedate\"],\"asana_user_id\":211495747884480}",
    "instanceUuid": "4f24acf0-de37-11e6-8b21-0a234303709e"
  }
}