{
  "spaceDetailsResponse": [
    {
      "sipAddress": null,
      "additionalProperties": {},
      "created": "2017-04-05T07:39:22.744Z",
      "statusMessage": null,
      "trackingID": "ANYPOINT_de6b9944-683a-47cb-ad11-5b13174503fc",
      "id": "Y2lzY29zcGFyazovL3VzL1JPT00vYjBkOGE3OGItYWIzOS0zN2M2LWEzMGMtMDI5MjViZjk4ZmE2",
      "title": "Santosh Suryawamshi",
      "statusCode": "200",
      "lastActivity": "2017-04-11T10:07:57.240Z"
    },
    {
      "sipAddress": null,
      "additionalProperties": {},
      "created": "2017-01-27T05:22:39.248Z",
      "statusMessage": null,
      "trackingID": "ANYPOINT_409009f0-be0e-454d-b875-9aecbccc8211",
      "id": "Y2lzY29zcGFyazovL3VzL1JPT00vOWViM2QxMDAtZTQ1MC0xMWU2LWE0ZDUtOTVlZmIzMTBlZjY3",
      "title": "xMatters_Testing_Room",
      "statusCode": "200",
      "lastActivity": "2017-03-28T12:46:12.550Z"
    },
    {
      "sipAddress": null,
      "additionalProperties": {},
      "created": "2017-02-02T07:16:26.635Z",
      "statusMessage": null,
      "trackingID": "ANYPOINT_ac0b9807-6ecd-45c2-86be-7a044e688769",
      "id": "Y2lzY29zcGFyazovL3VzL1JPT00vOGQ4M2E5MWEtMDc0My0zNmI5LWI1ZWQtNzlmZDg1NTg2OWQ4",
      "title": "Nisha Sukumaran",
      "statusCode": "200",
      "lastActivity": "2017-02-02T07:16:27.606Z"
    }
  ]
}