<?xml version="1.0" encoding="UTF-8"?>

<mule xmlns:dw="http://www.mulesoft.org/schema/mule/ee/dw" xmlns:db="http://www.mulesoft.org/schema/mule/db" xmlns:tracking="http://www.mulesoft.org/schema/mule/ee/tracking" xmlns="http://www.mulesoft.org/schema/mule/core" xmlns:doc="http://www.mulesoft.org/schema/mule/documentation"
	xmlns:spring="http://www.springframework.org/schema/beans" 
	xmlns:xsi="http://www.w3.org/2001/XMLSchema-instance"
	xsi:schemaLocation="http://www.springframework.org/schema/beans http://www.springframework.org/schema/beans/spring-beans-current.xsd
http://www.mulesoft.org/schema/mule/core http://www.mulesoft.org/schema/mule/core/current/mule.xsd
http://www.mulesoft.org/schema/mule/ee/tracking http://www.mulesoft.org/schema/mule/ee/tracking/current/mule-tracking-ee.xsd
http://www.mulesoft.org/schema/mule/db http://www.mulesoft.org/schema/mule/db/current/mule-db.xsd
http://www.mulesoft.org/schema/mule/ee/dw http://www.mulesoft.org/schema/mule/ee/dw/current/dw.xsd">
    <flow name="getTrackingIdSettingsFlow">
        <logger message="ENVIDDDDDDD #[flowVars.evernoteUserId] +++++++++  #[flowVars['evernoteUserId']]" level="INFO" doc:name="Logger"/>
        <db:select config-ref="MySQL_Configuration" doc:name="Database">
            <db:parameterized-query><![CDATA[SELECT * from TRACKING_DETAILS WHERE tracking_id=#[flowVars['trackingId']]]]></db:parameterized-query>

        </db:select>
        <logger message="get GD Settings= #[payload]" level="DEBUG" doc:name="Logger"/>
        <choice doc:name="Choice">
            <when expression="#[payload != []]">
                <dw:transform-message doc:name="Transform Message">
                    <dw:set-payload resource="classpath:dwScripts/buildGetTrackingIdSettings.dwl"/>

                </dw:transform-message>
            </when>
            <otherwise>
                <dw:transform-message doc:name="No Results">
          			<dw:set-payload resource="classpath:dwScripts/buildGoogleDriveNoResultExample.dwl"/>
                </dw:transform-message>
            </otherwise>
        </choice>
    </flow>
    <flow name="postTrackingIdSettingsFlow">
        <logger message="POST trackingId ++++++++ #[message.payloadAs(java.lang.String)]" level="DEBUG" doc:name="Logger"/>
        <dw:transform-message doc:name="Transform Message">
   			<dw:set-payload resource="classpath:dwScripts/fromObjectToJava.dwl"/>
        </dw:transform-message>
        <db:insert config-ref="MySQL_Configuration" doc:name="Database">
            <db:parameterized-query><![CDATA[INSERT INTO TRACKING_DETAILS(tracking_id,user_id,integration_id,request_type,status_code,status_message,created_date,params) values(#[payload['trackingId']],#[payload['userId']],#[payload['integrationId']],#[payload['requestType']],#[payload['statusCode']],#[payload['statusMessage']],#[server.dateTime.format('yyyy-MM-dd h:mm:ss')],#[payload['params']])]]></db:parameterized-query>

        </db:insert>
        <dw:transform-message doc:name="Transform Message">
            <dw:set-payload resource="classpath:dwScripts/buildPostTrackingIdOperationExample.dwl"/>

        </dw:transform-message>
    </flow>
    <flow name="deleteTrackingIdSettingsFlow">
        <set-variable variableName="trackingId" value="#[message.inboundProperties.'http.query.params'.trackingId]" doc:name="Set trackingId"/>
        <db:delete config-ref="MySQL_Configuration" doc:name="Database">
            <db:parameterized-query><![CDATA[delete from TRACKING_DETAILS where tracking_id=#[flowVars['trackingId']]]]></db:parameterized-query>
        </db:delete>
        <dw:transform-message doc:name="Transform Message">
            <dw:set-payload><![CDATA[%dw 1.0
%output application/json
---
{
	"message": "Operation Executed Successfully"
}]]></dw:set-payload>
        </dw:transform-message>
    </flow>

</mule>
