<?xml version="1.0" encoding="UTF-8"?>

<mule xmlns:dw="http://www.mulesoft.org/schema/mule/ee/dw"
	xmlns:db="http://www.mulesoft.org/schema/mule/db" xmlns:tracking="http://www.mulesoft.org/schema/mule/ee/tracking"
	xmlns="http://www.mulesoft.org/schema/mule/core" xmlns:doc="http://www.mulesoft.org/schema/mule/documentation"
	xmlns:spring="http://www.springframework.org/schema/beans" xmlns:xsi="http://www.w3.org/2001/XMLSchema-instance"
	xsi:schemaLocation="http://www.springframework.org/schema/beans http://www.springframework.org/schema/beans/spring-beans-current.xsd
http://www.mulesoft.org/schema/mule/core http://www.mulesoft.org/schema/mule/core/current/mule.xsd
http://www.mulesoft.org/schema/mule/ee/tracking http://www.mulesoft.org/schema/mule/ee/tracking/current/mule-tracking-ee.xsd
http://www.mulesoft.org/schema/mule/db http://www.mulesoft.org/schema/mule/db/current/mule-db.xsd
http://www.mulesoft.org/schema/mule/ee/dw http://www.mulesoft.org/schema/mule/ee/dw/current/dw.xsd">
	<flow name="postMarketoSettings">
		<dw:transform-message doc:name="Transform Message">
			<dw:set-payload resource="classpath:dwScripts/fromObjectToJava.dwl" />
		</dw:transform-message>
		<db:insert config-ref="MySQL_Configuration" doc:name="Insert Query">
			<db:parameterized-query><![CDATA[INSERT INTO MARKETO_DETAILS(identity_url,client_id,client_secret,user_id) VALUES(#[payload.identityUrl],#[payload.clientId],#[payload.clientSecret],#[payload.userId])]]></db:parameterized-query>
		</db:insert>
		<dw:transform-message doc:name="Transform Message">
			<dw:set-payload
				resource="classpath:dwScripts/buildMarketoSettingsSuccessResponse.dwl" />
		</dw:transform-message>
	</flow>
	<flow name="getMarketoSettings">
		<set-variable variableName="identityUrl"
			value="#[message.inboundProperties.'http.query.params'.identityUrl]"
			doc:name="Set identityURL" />
        <choice doc:name="Choice">
            <when expression="#[flowVars['identityUrl'] != empty]">
                <db:select config-ref="MySQL_Configuration" doc:name="Get By IdentityUrl">
                    <db:parameterized-query><![CDATA[select * from MARKETO_DETAILS where identity_url = #[flowVars['identityUrl']]]]></db:parameterized-query>
                </db:select>
                <choice doc:name="Choice">
                    <when expression="#[payload != []]">
                        <dw:transform-message doc:name="Transform Message">
                            <dw:set-payload resource="classpath:dwScripts/buildGetMarketoSettingsResponse.dwl"/>
                        </dw:transform-message>
                    </when>
                    <otherwise>
                        <dw:transform-message doc:name="No Results">
                            <dw:set-payload resource="classpath:dwScripts/buildGoogleDriveNoResultExample.dwl"/>
                        </dw:transform-message>
                    </otherwise>
                </choice>
            </when>
            <otherwise>
                <db:select config-ref="MySQL_Configuration" doc:name="Get By UserId">
                    <db:parameterized-query><![CDATA[select * from MARKETO_DETAILS where user_id = #[flowVars['userId']]]]></db:parameterized-query>
                </db:select>
                <choice doc:name="Choice">
                    <when expression="#[payload != []]">
                        <dw:transform-message doc:name="Transform Message">
                            <dw:set-payload resource="classpath:dwScripts/buildGetMarketoSettingsResponse.dwl"/>
                        </dw:transform-message>
                    </when>
                    <otherwise>
                        <dw:transform-message doc:name="No Results">
                            <dw:set-payload resource="classpath:dwScripts/buildGoogleDriveNoResultExample.dwl"/>
                        </dw:transform-message>
                    </otherwise>
                </choice>
            </otherwise>
        </choice>
	</flow>
	<flow name="putMarketoSettings">
		<dw:transform-message doc:name="Transform Message">
			<dw:set-payload resource="classpath:dwScripts/fromObjectToJava.dwl" />
		</dw:transform-message>
		<db:update config-ref="MySQL_Configuration" doc:name="Database">
			<db:parameterized-query><![CDATA[UPDATE MARKETO_DETAILS set identity_url=#[payload.identityUrl],client_id=#[payload.clientId],client_secret=#[payload.clientSecret] where user_id=#[flowVars['userId']]]]></db:parameterized-query>
		</db:update>
		<dw:transform-message doc:name="Transform Message">
			<dw:set-payload
				resource="classpath:dwScripts/buildMarketoSettingsSuccessResponse.dwl" />
		</dw:transform-message>
	</flow>
	<flow name="deleteMarketoSettings">
		<db:delete config-ref="MySQL_Configuration" doc:name="Database">
			<db:parameterized-query><![CDATA[DELETE FROM MARKETO_DETAILS WHERE user_id=#[flowVars['userId']]]]></db:parameterized-query>
		</db:delete>
		<dw:transform-message doc:name="Transform Message">
			<dw:set-payload
				resource="classpath:dwScripts/buildMarketoSettingsSuccessResponse.dwl" />
		</dw:transform-message>
	</flow>
</mule>
