<?xml version="1.0" encoding="UTF-8"?>

<mule xmlns:dw="http://www.mulesoft.org/schema/mule/ee/dw" xmlns:db="http://www.mulesoft.org/schema/mule/db" xmlns:tracking="http://www.mulesoft.org/schema/mule/ee/tracking" xmlns="http://www.mulesoft.org/schema/mule/core" xmlns:doc="http://www.mulesoft.org/schema/mule/documentation"
	xmlns:spring="http://www.springframework.org/schema/beans" 
	xmlns:xsi="http://www.w3.org/2001/XMLSchema-instance"
	xsi:schemaLocation="http://www.springframework.org/schema/beans http://www.springframework.org/schema/beans/spring-beans-current.xsd
http://www.mulesoft.org/schema/mule/core http://www.mulesoft.org/schema/mule/core/current/mule.xsd
http://www.mulesoft.org/schema/mule/ee/tracking http://www.mulesoft.org/schema/mule/ee/tracking/current/mule-tracking-ee.xsd
http://www.mulesoft.org/schema/mule/db http://www.mulesoft.org/schema/mule/db/current/mule-db.xsd
http://www.mulesoft.org/schema/mule/ee/dw http://www.mulesoft.org/schema/mule/ee/dw/current/dw.xsd">
    <flow name="getOnedriveBusinessSettingsFlow">
        <db:select config-ref="MySQL_Configuration" doc:name="Database">
            <db:parameterized-query><![CDATA[SELECT * FROM ONEDRIVE_BUSINESS_CURSOR_SETTINGS WHERE user_id=#[flowVars['userId']]]]></db:parameterized-query>
        </db:select>
        <choice doc:name="Choice">
            <when expression="#[payload != []]">
                <dw:transform-message doc:name="Transform Message">
                    <dw:set-payload resource="classpath:dwScripts/buildGetOnedriveBusinessSettingsExample.dwl"/>
                </dw:transform-message>
            </when>
            <otherwise>
                <dw:transform-message doc:name="Transform Message">
         			<dw:set-payload resource="classpath:dwScripts/buildGoogleDriveNoResultExample.dwl"/>
                </dw:transform-message>
            </otherwise>
        </choice>
    </flow>
    <flow name="putOnedriveBusinessSettingsFlow">
        <dw:transform-message doc:name="Transform Message">
            <dw:set-payload resource="classpath:dwScripts/fromObjectToJava.dwl"/>
        </dw:transform-message>
        <db:update config-ref="MySQL_Configuration" doc:name="Database">
            <db:parameterized-query><![CDATA[UPDATE ONEDRIVE_BUSINESS_CURSOR_SETTINGS SET
delta_link = IF (#[payload['deltaLink'] != empty], #[payload['deltaLink']], delta_link)
WHERE user_id = #[flowVars['userId']]]]></db:parameterized-query>
        </db:update>
        <dw:transform-message doc:name="Transform Message">
            <dw:set-payload resource="classpath:dwScripts/buildGoogleDriveOperationExample.dwl"/>
        </dw:transform-message>
    </flow>
    <flow name="postOnedriveBusinessSettingsFlow">
        <dw:transform-message doc:name="Transform Message">
          <dw:set-payload resource="classpath:dwScripts/fromObjectToJava.dwl"/>
        </dw:transform-message>
        <db:insert config-ref="MySQL_Configuration" doc:name="Database">
            <db:parameterized-query><![CDATA[INSERT INTO ONEDRIVE_BUSINESS_CURSOR_SETTINGS(token_id,user_id,delta_link) VALUES(#[payload['tokenId']],#[flowVars['userId']],#[payload['deltaLink']])]]></db:parameterized-query>
        </db:insert>
        <dw:transform-message doc:name="Transform Message">
            <dw:set-payload resource="classpath:dwScripts/buildGoogleDriveOperationExample.dwl"/>
        </dw:transform-message>
    </flow>
</mule>
