<?xml version="1.0" encoding="UTF-8"?>

<mule xmlns:tls="http://www.mulesoft.org/schema/mule/tls"
	xmlns:http="http://www.mulesoft.org/schema/mule/http" xmlns:tracking="http://www.mulesoft.org/schema/mule/ee/tracking"
	xmlns="http://www.mulesoft.org/schema/mule/core" xmlns:doc="http://www.mulesoft.org/schema/mule/documentation"
	xmlns:spring="http://www.springframework.org/schema/beans" 
	xmlns:xsi="http://www.w3.org/2001/XMLSchema-instance" xmlns:mule-ss="http://www.mulesoft.org/schema/mule/spring-security"
	xmlns:ss="http://www.springframework.org/schema/security"
	xsi:schemaLocation="http://www.springframework.org/schema/beans http://www.springframework.org/schema/beans/spring-beans-current.xsd
http://www.mulesoft.org/schema/mule/core http://www.mulesoft.org/schema/mule/core/current/mule.xsd
http://www.mulesoft.org/schema/mule/http http://www.mulesoft.org/schema/mule/http/current/mule-http.xsd
http://www.mulesoft.org/schema/mule/ee/tracking http://www.mulesoft.org/schema/mule/ee/tracking/current/mule-tracking-ee.xsd
http://www.mulesoft.org/schema/mule/spring-security http://www.mulesoft.org/schema/mule/spring-security/3.1/mule-spring-security.xsd
http://www.springframework.org/schema/security http://www.springframework.org/schema/security/spring-security-3.0.xsd
http://www.mulesoft.org/schema/mule/tls http://www.mulesoft.org/schema/mule/tls/current/mule-tls.xsd
http://www.springframework.org/schema/beans http://www.springframework.org/schema/beans/spring-beans-3.0.xsd
http://www.mulesoft.org/schema/mule/https http://www.mulesoft.org/schema/mule/https/current/mule-https.xsd">

	
	<spring:beans>
		<spring:bean name="sample" class="com.test.TestDatabaseConnetcionClass"></spring:bean>
		<spring:bean name="sample1" class="com.test.TestExamplePrograms"> </spring:bean>
	</spring:beans>
	<http:listener-config name="HTTP_Listener_Configuration"
		host="localhost" port="8845" doc:name="HTTP Listener Configuration" />
	<flow name="Sample_Test_DB_Connection">
		<http:listener config-ref="HTTP_Listener_Configuration"
			path="TestDB" doc:name="HTTP" />
		<logger level="INFO" message="## Flow Started" doc:name="Logger" />
        <invoke name="Invoke" object-ref="sample" method="TestDatabaseConnetcionClass1" methodArgumentTypes="java.lang.String" methodArguments="0"/>
        
	</flow>
    <flow name="mulewithspringFlow">
        <http:listener config-ref="HTTP_Listener_Configuration" path="/testPrime" doc:name="HTTP"/>
        <logger message="flow started" level="INFO" doc:name="Logger"/>
        <invoke name="Invoke1" object-ref="sample1" method="testPrimeNumbers" methodArgumentTypes="java.lang.String" methodArguments="0"/>
    </flow>
</mule>