{
	"channelId": "Y2lzY29zcGFyazovL3VzL1JPT00vZjY0OWQ2MTAtMmZiYy0xMWU2LTkyODQtZmI2ZDExOTlmZTM3",
	"integrationId": "Y2lzY29zcGFyazovL3VzL0FQUExJQ0FUSU9OL0MxOGZiZWJkMmQ4OWQ1Y2JiYTZlYzY3OGE0MzNhYWQ3YzYyZjMyYzBhZWU4NWU2MGEwMDE4ZDI5NjRlZmZjNmFi",
	"status": "ACTIVE",
	"userId": "Y2lzY29zcGFyazovL3VzL1BFT1BMRS8yYTA0YzVkMy0yNGJjLTQ1ZWItYmQzYS05ZDU1OGRmMmZhMjI",
	"configJson": {
		"notifications": ["created", "completed", "assigned", "subtask", "comment", "attachment", "duedate", "incomplete", "markfavorite", "markduplicate", "taskcopied"],
		"project_id": "242313822399014",
		"team_id": "187156701640407",
		"organization_id": "9433177677643",
		"displayName": "test",
		"asana_user_id": 187152065370189
	},
	"instance_id": "11150",
	"repo_modified": false,
	"room_modified": false,
	"instanceUuid": "3c14c870-dc9d-11e6-ba2e-12ffb045f00c",
	"messageFormat": "Asana Bot"
}