{
  "instanceId": 6266,
  "integrationId": "Y2lzY29zcGFyazovL3VzL0FQUExJQ0FUSU9OL0MxOGZiZWJkMmQ4OWQ1Y2JiYTZlYzY3OGE0MzNhYWQ3YzYyZjMyYzBhZWU4NWU2MGEwMDE4ZDI5NjRlZmZjNmFi",
  "userId": "Y2lzY29zcGFyazovL3VzL1BFT1BMRS8yYTA0YzVkMy0yNGJjLTQ1ZWItYmQzYS05ZDU1OGRmMmZhMjI",
  "updatedDate": "2016-10-13T03:34:00",
  "messageFormat": "Asana Bot",
  "createdDate": "2016-10-13T03:33:58",
  "status": "ACTIVE",
  "channelId": "Y2lzY29zcGFyazovL3VzL1JPT00vMjlmYzUzZTAtNjQ4MS0xMWU2LWE4NzctNmY2OGRjZjQ2YWFh",
  "configJson": "{\"project_id\":\"190781615918413\",\"organization_id\":\"9433177677643\",\"team_id\":\"187156701640407\",\"displayName\":\"asana\",\"webhook_id\":196037819612347,\"notifications\":[\"created\",\"completed\",\"assigned\",\"subtask\",\"comment\",\"attachment\",\"duedate\",\"updated\"]}"
}