{
	"hookResponse": {
		"events": [{
			"resource": 245143080414954,
			"user": 211495747884480,
			"type": "project",
			"action": "changed",
			"created_at": "2017-02-02T11:18:28.724Z",
			"parent": null
		}, {
			"resource": 245143080414954,
			"user": 211495747884480,
			"type": "project",
			"action": "changed",
			"created_at": "2017-02-02T11:18:28.912Z",
			"parent": null
		}, {
			"resource": 260855557904568,
			"user": 211495747884480,
			"type": "task",
			"action": "added",
			"created_at": "2017-02-02T11:18:28.704Z",
			"parent": 245143080414954
		}, {
			"resource": 260855557904568,
			"user": 211495747884480,
			"type": "task",
			"action": "changed",
			"created_at": "2017-02-02T11:18:28.722Z",
			"parent": null
		}, {
			"resource": 260858309114440,
			"user": 211495747884480,
			"type": "story",
			"action": "added",
			"created_at": "2017-02-02T11:18:28.717Z",
			"parent": 260855557904568
		}]
	},
	"userEvents": "{\"project_id\":\"245143080414954\",\"organization_id\":\"9433177677643\",\"team_id\":\"211498943966649\",\"displayName\":\"1-12-17\",\"webhook_id\":259734831427395,\"notifications\":[\"created\",\"subtask\",\"assigned\",\"unassigned\",\"completed\",\"incomplete\",\"comment\",\"attachment\",\"duedate\",\"taskcopied\",\"markfavorite\",\"markduplicate\",\"subtask_taskcopied\",\"subtask_duedate\",\"subtask_assigned\",\"subtask_unassigned\",\"subtask_completed\",\"subtask_incomplete\",\"subtask_comment\",\"subtask_attachment\",\"subtask_markfavorite\",\"subtask_markduplicate\"],\"asana_user_id\":211495747884480}",
	"instanceDetails": {
		"instanceId": 11686,
		"integrationId": "Y2lzY29zcGFyazovL3VzL0FQUExJQ0FUSU9OL0MxOGZiZWJkMmQ4OWQ1Y2JiYTZlYzY3OGE0MzNhYWQ3YzYyZjMyYzBhZWU4NWU2MGEwMDE4ZDI5NjRlZmZjNmFi",
		"userId": "Y2lzY29zcGFyazovL3VzL1BFT1BMRS85ZDE3OTViNC02MWE0LTQ2ZTQtYTZjOC04YTBkMDUwYmRkYTQ",
		"updatedDate": "2017-02-02T10:30:24",
		"messageFormat": "Asana Bot",
		"createdDate": "2017-02-01T10:49:00",
		"status": "ACTIVE",
		"channelId": "Y2lzY29zcGFyazovL3VzL1JPT00vZWM5ZGFmNDAtYTY2YS0xMWU2LWJlYTUtNmZjNGViMGVkMGY3",
		"configJson": "{\"project_id\":\"245143080414954\",\"organization_id\":\"9433177677643\",\"team_id\":\"211498943966649\",\"displayName\":\"1-12-17\",\"webhook_id\":259734831427395,\"notifications\":[\"created\",\"subtask\",\"assigned\",\"unassigned\",\"completed\",\"incomplete\",\"comment\",\"attachment\",\"duedate\",\"taskcopied\",\"markfavorite\",\"markduplicate\",\"subtask_taskcopied\",\"subtask_duedate\",\"subtask_assigned\",\"subtask_unassigned\",\"subtask_completed\",\"subtask_incomplete\",\"subtask_comment\",\"subtask_attachment\",\"subtask_markfavorite\",\"subtask_markduplicate\"],\"asana_user_id\":211495747884480}",
		"instanceUuid": "0a163b80-e86c-11e6-b9c6-12258e4e24c4"
	}
}