{
  "hookResponse": {
    "events": [
      {
        "resource": 250217516951145,
        "user": 235616250809271,
        "type": "task",
        "action": "changed",
        "created_at": "2017-02-16T09:48:06.523Z",
        "parent": null
      },
      {
        "resource": 250217516951145,
        "user": 235616250809271,
        "type": "task",
        "action": "changed",
        "created_at": "2017-02-16T09:48:06.863Z",
        "parent": null
      },
      {
        "resource": 274240987317257,
        "user": 235616250809271,
        "type": "story",
        "action": "added",
        "created_at": "2017-02-16T09:48:06.516Z",
        "parent": 250217516951145
      }
    ]
  },
  "userEvents": "{\"project_id\":\"246418696463479\",\"organization_id\":\"5557457880942\",\"team_id\":\"235616242978299\",\"displayName\":\"\",\"webhook_id\":255295365270077,\"notifications\":[\"created\",\"completed\",\"assigned\",\"subtask\",\"comment\",\"attachment\",\"duedate\",\"incomplete\",\"markfavorite\",\"markduplicate\",\"taskcopied\"],\"asana_user_id\":235616250809223}",
  "instanceDetails": {
    "instanceId": 40707,
    "integrationId": "Y2lzY29zcGFyazovL3VzL0FQUExJQ0FUSU9OL0MxOGZiZWJkMmQ4OWQ1Y2JiYTZlYzY3OGE0MzNhYWQ3YzYyZjMyYzBhZWU4NWU2MGEwMDE4ZDI5NjRlZmZjNmFi",
    "userId": "Y2lzY29zcGFyazovL3VzL1BFT1BMRS85YTVkZWExMC01MjZlLTQxY2QtYTk1ZS03ZmY1ZGM5ZDgxNjg",
    "updatedDate": "2017-01-27T05:15:05",
    "messageFormat": "Asana Bot",
    "createdDate": "2017-01-26T10:53:52",
    "status": "ACTIVE",
    "channelId": "Y2lzY29zcGFyazovL3VzL1JPT00vZGU4MGEyZjAtZTRiMy0xMWU2LTg0N2YtNjk5OWM0ZjNlMDhm",
    "configJson": "{\"project_id\":\"246418696463479\",\"organization_id\":\"5557457880942\",\"team_id\":\"235616242978299\",\"displayName\":\"\",\"webhook_id\":255295365270077,\"notifications\":[\"created\",\"completed\",\"assigned\",\"subtask\",\"comment\",\"attachment\",\"duedate\",\"incomplete\",\"markfavorite\",\"markduplicate\",\"taskcopied\"],\"asana_user_id\":235616250809223}",
    "instanceUuid": "b9af06a0-e3b5-11e6-a898-0a93972b6fb2"
  }
}