<?xml version="1.0" encoding="UTF-8"?>

<mule xmlns:tracking="http://www.mulesoft.org/schema/mule/ee/tracking" xmlns:json="http://www.mulesoft.org/schema/mule/json" xmlns:http="http://www.mulesoft.org/schema/mule/http"
	xmlns:dw="http://www.mulesoft.org/schema/mule/ee/dw"
	xmlns="http://www.mulesoft.org/schema/mule/core" xmlns:doc="http://www.mulesoft.org/schema/mule/documentation"
	xmlns:spring="http://www.springframework.org/schema/beans" 
	xmlns:xsi="http://www.w3.org/2001/XMLSchema-instance"
	xsi:schemaLocation="http://www.mulesoft.org/schema/mule/json http://www.mulesoft.org/schema/mule/json/current/mule-json.xsd
http://www.mulesoft.org/schema/mule/http http://www.mulesoft.org/schema/mule/http/current/mule-http.xsd
http://www.mulesoft.org/schema/mule/ee/dw http://www.mulesoft.org/schema/mule/ee/dw/current/dw.xsd
http://www.springframework.org/schema/beans http://www.springframework.org/schema/beans/spring-beans-current.xsd
http://www.mulesoft.org/schema/mule/core http://www.mulesoft.org/schema/mule/core/current/mule.xsd
http://www.mulesoft.org/schema/mule/ee/tracking http://www.mulesoft.org/schema/mule/ee/tracking/current/mule-tracking-ee.xsd">

	<flow name="getRequestTokenFlow" >
        <logger message="UID :::#[flowVars.userId] &amp;&amp;&amp;&amp;&amp;&amp;&amp;&amp; IID::#[flowVars.integrationId]" level="INFO" doc:name="Logger"/>
    	<http:request config-ref="HTTP_Integrations_Runtime_Request_Configuration" path="/twitter/requestMap/{userId}" method="GET" doc:name="HTTP">
        	<http:request-builder>
                <http:uri-param paramName="userId" value="#[flowVars.request.userId]"/>

            </http:request-builder>
        </http:request>
        <logger message="#[message.payloadAs(java.lang.String)]" level="INFO" doc:name="Logger"/>
        <dw:transform-message doc:name="Transform Message">
            <dw:set-payload><![CDATA[%dw 1.0
%output application/java
---
payload
]]></dw:set-payload>
        </dw:transform-message>
        <choice doc:name="Choice">
            <when expression="#[payload.toString() !='{message=No results}']">
                <dw:transform-message doc:name="Transform Message">
                    <dw:set-payload><![CDATA[%dw 1.0
%output application/java
---
payload
]]></dw:set-payload>
                </dw:transform-message>
            </when>
            <otherwise>
                <logger message="No Tokens presented" level="INFO" doc:name="Logger"/>
            </otherwise>
        </choice>
       </flow>

    <flow name="putIntegrationInstance">

        <dw:transform-message doc:name="Transform Message">
            <dw:set-payload resource="classpath:dwScripts/configJson.dwl"/>

        </dw:transform-message>
        <logger message="update instance #[message.payloadAs(java.lang.String)]" level="INFO" doc:name="Logger"/>
        <http:request config-ref="HTTP_Integrations_Runtime_Request_Configuration" path="/integrations/instances/{instanceId}" method="PUT" doc:name="HTTP">
            <http:request-builder>
                <http:uri-param paramName="instanceId" value="#[flowVars.instanceId]"/>
                <http:header headerName="Content-Type" value="application/json"/>


            </http:request-builder>
        </http:request>
        <object-to-string-transformer doc:name="Object to String"/>
        <json:object-to-json-transformer doc:name="Object to JSON"/>
        <dw:transform-message doc:name="Transform Message">
            <dw:set-payload><![CDATA[%dw 1.0
%output application/java
---
payload]]></dw:set-payload>
        </dw:transform-message>
        
    </flow>
    

</mule>
