{
  "channelId": "Y2lzY29zcGFyazovL3VzL1JPT00vNWQxYTIzMTAtMzJjYy0xMWU2LTk2YjYtMDU0N2M2YTM1ZTNi",
  "integrationId": "1",
  "status": "ACTIVE",
  "userId": "Y2lzY29zcGFyazovL3VzL1BFT1BMRS8yYTA0YzVkMy0yNGJjLTQ1ZWItYmQzYS05ZDU1OGRmMmZhMjI",
  "configJson": {
    "room_name": "Flow Test",
    "repo_id": "{021a2c02-fd3a-4cb9-ac08-ce63c655f0ba}",
    "repo_name": "new-repo",
    "user_name": "Surender Reddy Molugu",
    "owner_name": "tirapa-eidiko",
    "displayName": "Bit bucket",
    "notifications": {
      "repo": [
        "push",
        "commit_comment_created"
      ],
      "issue": [
        "created",
        "updated",
        "comment_created"
      ],
      "pullrequest": [
        "created",
        "updated",
        "fulfilled",
        "rejected"
      ]
    }
  }
}{

}