<?xml version="1.0" encoding="UTF-8"?>

<mule xmlns:json="http://www.mulesoft.org/schema/mule/json" xmlns:dw="http://www.mulesoft.org/schema/mule/ee/dw"
	xmlns:tracking="http://www.mulesoft.org/schema/mule/ee/tracking" xmlns="http://www.mulesoft.org/schema/mule/core"
	xmlns:doc="http://www.mulesoft.org/schema/mule/documentation"
	xmlns:spring="http://www.springframework.org/schema/beans" xmlns:xsi="http://www.w3.org/2001/XMLSchema-instance"
	xsi:schemaLocation="http://www.springframework.org/schema/beans http://www.springframework.org/schema/beans/spring-beans-current.xsd
http://www.mulesoft.org/schema/mule/core http://www.mulesoft.org/schema/mule/core/current/mule.xsd
http://www.mulesoft.org/schema/mule/ee/tracking http://www.mulesoft.org/schema/mule/ee/tracking/current/mule-tracking-ee.xsd
http://www.mulesoft.org/schema/mule/ee/dw http://www.mulesoft.org/schema/mule/ee/dw/current/dw.xsd
http://www.mulesoft.org/schema/mule/json http://www.mulesoft.org/schema/mule/json/current/mule-json.xsd">
	<flow name="getSparkSpaceDetailsBySpaceIdFlow">
		<dw:transform-message doc:name="Transform Message">
            <dw:set-variable variableName="postSparkSpaces" resource="classpath:dwScripts/fromPayloadToJava.dwl"/>
        </dw:transform-message>
		<set-variable variableName="integrationId"
			value="#[message.inboundProperties['http.uri.params']['integrationId']]"
			doc:name="Set Integration Id" />
		<set-variable variableName="userId"
			value="#[flowVars['postSparkSpaces']['userId']]"
			doc:name="Set User Id" />
		<enricher target="#[flowVars['getClientTokenResponse']]"
			doc:name="Message Enricher">
			<flow-ref name="getClientTokenFlow" doc:name="getClientTokenFlow" />
		</enricher>
		<choice doc:name="Choice">
			<when
				expression="#[flowVars['getClientTokenResponse'].toString() != '{message=No results}']">
				<set-variable variableName="sparkToken"
					value="#[flowVars['getClientTokenResponse'][0]['accessToken']]"
					doc:name="sparkToken" />
                <set-variable variableName="spacesArray" value="#[new java.util.ArrayList()]" doc:name="Initialise An Array"/>
                <foreach collection="#[flowVars['postSparkSpaces']['spaceIds']]" doc:name="For Each">
                    <set-variable variableName="spaceId" value="#[payload]" doc:name="Set Space Id"/>
                    <enricher target="#[flowVars['getSparkSpacesBySpaceIdResponse']]" doc:name="Message Enricher">
                        <flow-ref name="getSparkSpacesDetailsBySpaceIdFlow" doc:name="getSparkSpacesDetailsBySpaceIdFlow"/>
                    </enricher>
                    <expression-component doc:name="Expression"><![CDATA[spacesArray.add(flowVars['getSparkSpacesBySpaceIdResponse']);]]></expression-component>
                </foreach>
				<dw:transform-message doc:name="Success Response">
					<dw:set-payload
						resource="classpath:dwScripts/buildGetSparkSpaceDetailsSuccessExample.dwl" />
				</dw:transform-message>
			</when>
			<otherwise>
				<dw:transform-message doc:name="Spark Token Empty">
					<dw:set-payload
						resource="classpath:dwScripts/buildGetSparkSpaceDetailsTokenEmptyExample.dwl" />
				</dw:transform-message>
			</otherwise>
		</choice>
	</flow>
</mule>
