<?xml version="1.0" encoding="UTF-8"?>

<mule xmlns:CiscoSpark="http://www.mulesoft.org/schema/mule/CiscoSpark" xmlns:tracking="http://www.mulesoft.org/schema/mule/ee/tracking" xmlns:http="http://www.mulesoft.org/schema/mule/http"
	xmlns:dw="http://www.mulesoft.org/schema/mule/ee/dw" xmlns="http://www.mulesoft.org/schema/mule/core"
	xmlns:doc="http://www.mulesoft.org/schema/mule/documentation"
	xmlns:spring="http://www.springframework.org/schema/beans" 
	xmlns:xsi="http://www.w3.org/2001/XMLSchema-instance"
	xsi:schemaLocation="http://www.mulesoft.org/schema/mule/http http://www.mulesoft.org/schema/mule/http/current/mule-http.xsd
http://www.mulesoft.org/schema/mule/ee/dw http://www.mulesoft.org/schema/mule/ee/dw/current/dw.xsd
http://www.springframework.org/schema/beans http://www.springframework.org/schema/beans/spring-beans-current.xsd
http://www.mulesoft.org/schema/mule/core http://www.mulesoft.org/schema/mule/core/current/mule.xsd
http://www.mulesoft.org/schema/mule/CiscoSpark http://www.mulesoft.org/schema/mule/CiscoSpark/current/mule-CiscoSpark.xsd
http://www.mulesoft.org/schema/mule/ee/tracking http://www.mulesoft.org/schema/mule/ee/tracking/current/mule-tracking-ee.xsd">

	<flow name="jiraAddBotToSparkRoom">
		<set-variable variableName="integrationId" value="" doc:name="Set Integration Id"/>
		<set-variable variableName="userId"
			value=""
			doc:name="Set User Id" />
        <enricher target="#[flowVars.getClientTokenFlowResponse]" doc:name="Message Enricher">
            <flow-ref name="getClientTokenFlow" doc:name="getClientTokenFlow"/>
        </enricher>
        <enricher target="#[flowVars.getBotClientTokenFlowResponse]" doc:name="Message Enricher">
            <flow-ref name="getBotClientTokenFlow" doc:name="getBotClientTokenFlow"/>
        </enricher>
		<dw:transform-message doc:name="Transform Message">
			<dw:set-payload><![CDATA[%dw 1.0
%output application/json
---
{
	roomId: payload.roomId,
	personEmail: payload.personEmail,
	isModerator: true
} when payload.personId == null otherwise {
	
	roomId: payload.roomId,
	personId: payload.personId,
	isModerator: true
	
}]]></dw:set-payload>
		</dw:transform-message>
		<logger message="#[message.payloadAs(java.lang.String)]" level="INFO"
			doc:name="Logger" />
	</flow>


</mule>
