[{
    "applicationId": 1,
    "accessClientId": "C97f88fa213adb1ce390baa137fc19aadcd17d4a83c",
    "name": "BitBucket",
    "logo": "http://www.eidiko.com/spark/images/bitbucket.png",
    "contactEmail": "surender.molugu@eidiko.com",
    "scopes": "[\"spark:people_read\",\"spark:rooms_read\",\"spark:messages_write\"]",
    "integrationId": "Y2lzY29zcGFyazovL3VzLDc1NC05ZDJiLTdkMjE0NmY4ZDllMg",
    "redirectUrls": null
  },
  {
    "applicationId": 2,
    "accessClientId": "C882055539a37a9e961e75b41a829d118c3c0a66350",
    "name": "Trello",
    "logo": "http://www.eidiko.com/spark/images/trello.png",
    "contactEmail": "surender.molugu@eidiko.com",
    "scopes": "[\"spark:people_read\",\"spark:rooms_read\",\"spark:messages_read\"]",
    "integrationId": "Y2lzY29zcGFyazovL3VzL0FQUExJQ0FUSU9OL2RhOOGNiN2E3NjYyNA",
    "redirectUrls": null
  },
  {
    "applicationId": 3,
    "accessClientId": "C3e1fff495933faab9450d5b844691563d079643b8da63",
    "name": "Github",
    "logo": "http://www.eidiko.com/spark/images/github.png",
    "contactEmail": "surender.molugu@eidiko.com",
    "scopes": "[\"spark:people_read\",\"spark:rooms_read\",\"spark:messages_read\"]",
    "integrationId": "Y2lzY29zcGFyazovL3VzL0FQUExJQ0FUSU9OL2UyMzcwN2U2LTQ",
    "redirectUrls": null
  }]