{
  "integrationId": 1,
  "configJson": {
    "room": "specific-room",
    "type": "commits",
    "username": "john",
    "password": "snow",
    "clientId": "aacer4ref3",
    "clientSecret": "dfsfrgweggrger"
  },
  "messageFormat": "Trello: #{event} has happened",
  "userId": "12323t453453sfse",
  "channelId": "12345gfggrtrtgr",
  "status": "ACTIVE",
  "token": {
    "applicationId": 1,
    "accessToken": "32ergejwrenfwfwjr3or3j-fskjnegkeglnr-2315245",
    "expires": "2016-06-06",
    "refreshToken": "2312313gsgsdgregsgegegw-gerweaewaxd32",
    "refreshExpires": "2016-06-06"
  }
}