{
  "hookResponse": {
    "events": [
      {
        "resource": 337339213773352,
        "user": 211495747884480,
        "type": "story",
        "action": "added",
        "created_at": "2017-05-09T06:05:20.382Z",
        "parent": 337337180436554
      },
      {
        "resource": 337339213773352,
        "user": 211495747884480,
        "type": "story",
        "action": "removed",
        "created_at": "2017-05-09T06:05:20.994Z",
        "parent": 337337180436554
      },
      {
        "resource": 337339213773353,
        "user": 211495747884480,
        "type": "story",
        "action": "added",
        "created_at": "2017-05-09T06:05:21.088Z",
        "parent": 337337180436554
      }
    ]
  },
  "userEvents": "{\"project_id\":\"334132910065473\",\"organization_id\":\"9433177677643\",\"team_id\":\"214694832019534\",\"displayName\":\"6-18  pm\",\"webhook_id\":336355443501862,\"notifications\":[\"created\",\"subtask\",\"assigned\",\"unassigned\",\"completed\",\"incomplete\",\"comment\",\"attachment\",\"duedate\",\"taskcopied\",\"markfavorite\",\"markduplicate\",\"subtask_taskcopied\",\"subtask_duedate\",\"subtask_assigned\",\"subtask_unassigned\",\"subtask_completed\",\"subtask_incomplete\",\"subtask_comment\",\"subtask_attachment\",\"subtask_markfavorite\",\"subtask_markduplicate\"],\"asana_user_id\":211495747884480}",
  "instanceDetails": {
    "instanceId": 137169,
    "integrationId": "Y2lzY29zcGFyazovL3VzL0FQUExJQ0FUSU9OL0MxOGZiZWJkMmQ4OWQ1Y2JiYTZlYzY3OGE0MzNhYWQ3YzYyZjMyYzBhZWU4NWU2MGEwMDE4ZDI5NjRlZmZjNmFi",
    "userId": "Y2lzY29zcGFyazovL3VzL1BFT1BMRS85ZDE3OTViNC02MWE0LTQ2ZTQtYTZjOC04YTBkMDUwYmRkYTQ",
    "updatedDate": "2017-05-08T12:48:51",
    "messageFormat": "Asana Bot",
    "createdDate": "2017-05-08T12:48:49",
    "status": "ACTIVE",
    "channelId": "Y2lzY29zcGFyazovL3VzL1JPT00vMGFiNTMyMDAtYWMxMC0xMWU2LWEyY2EtZjU5YzNmNDM3NTIy",
    "configJson": "{\"project_id\":\"334132910065473\",\"organization_id\":\"9433177677643\",\"team_id\":\"214694832019534\",\"displayName\":\"6-18  pm\",\"webhook_id\":336355443501862,\"notifications\":[\"created\",\"subtask\",\"assigned\",\"unassigned\",\"completed\",\"incomplete\",\"comment\",\"attachment\",\"duedate\",\"taskcopied\",\"markfavorite\",\"markduplicate\",\"subtask_taskcopied\",\"subtask_duedate\",\"subtask_assigned\",\"subtask_unassigned\",\"subtask_completed\",\"subtask_incomplete\",\"subtask_comment\",\"subtask_attachment\",\"subtask_markfavorite\",\"subtask_markduplicate\"],\"asana_user_id\":211495747884480}",
    "instanceUuid": "aefb1b40-33ec-11e7-be00-120c76c8c408"
  }
}