{
  "hookResponse": {
	"gcMessage": "fjbvndfuvbjnfdjkbf",
	"value":"eventUpdate"
},
  "userEvents": "{\"calendar_id\":\"3ldopobnb1mpa1qgo4rmamoct8@group.calendar.google.com\",\"resources\":\"varmacalendar\",\"displayName\":\"GC-Test\",\"notifications\":[\"eventCreation\",\"eventUpdate\"],\"time_base\":\"1 hour before\"}",
  "instanceDetails": {
    "instanceId": 1992,
    "integrationId": "Y2lzY29zcGFyazovL3VzL0FQUExJQ0FUSU9OL0MwNWY1MWQ2MTFiYzFkOTU0MjY3NWY1ZmQ3N2RkMWI0YTRhZDI5ZTEyZTc1YTc0ZGVhNjQ2ZDcwOTgzY2ZkZjcz",
    "userId": "Y2lzY29zcGFyazovL3VzL1BFT1BMRS8yYTA0YzVkMy0yNGJjLTQ1ZWItYmQzYS05ZDU1OGRmMmZhMjI",
    "updatedDate": "2016-09-27T02:18:13",
    "messageFormat": "Google Calendar Bot: Hello",
    "createdDate": "2016-09-27T02:18:12",
    "status": "ACTIVE",
    "channelId": "Y2lzY29zcGFyazovL3VzL1JPT00vMTg4YTY3NDktZWQzOS0zYTQ5LWIyZmUtZjIxNGY0ZTZjYmFl",
    "configJson": "{\"calendar_id\":\"1c1nsrpaoek2tam03dc77f5ht8@group.calendar.google.com\",\"displayName\":\"test\",\"notifications\":\"task-modified\",\"webhook_id\":2286256}",
    "instanceUuid": "392b6750-84bd-11e6-b241-0e4b6da19b11"
  }
}