[{
    "applicationId": 1,
    "accessClientId": "C97f88fa213adb1ce3906ccafa4307d1abd1e4725bbaa137fc19aadcd17d4a83c",
    "name": "BitBucket",
    "logo": "http://www.eidiko.com/spark/images/bitbucket.png",
    "contactEmail": "surender.molugu@eidiko.com",
    "scopes": "[\"spark:people_read\",\"spark:rooms_read\",\"spark:messages_read\",\"spark:messages_write\"]",
    "integrationId": "Y2lzY29zcGFyazovL3VzL0FQUExJQ0FUSU9OLzAyM2RmYmMwLTQ5MjUtNDc1NC05ZDJiLTdkMjE0NmY4ZDllMg",
    "redirectUrls": null
  },
  {
    "applicationId": 2,
    "accessClientId": "C882055539a37a9e961e75b41a829d118c3c0a66e2bee1bfa0c0cdc1977924350",
    "name": "Trello",
    "logo": "http://www.eidiko.com/spark/images/trello.png",
    "contactEmail": "surender.molugu@eidiko.com",
    "scopes": "[\"spark:people_read\",\"spark:rooms_read\",\"spark:messages_read\",\"spark:messages_write\"]",
    "integrationId": "Y2lzY29zcGFyazovL3VzL0FQUExJQ0FUSU9OL2RhOGI1MTYxLWNmZTgtNGNmOS1iNGI3LTQwOGNiN2E3NjYyNA",
    "redirectUrls": null
  }]