<?xml version="1.0" encoding="UTF-8"?>

<mule xmlns:tls="http://www.mulesoft.org/schema/mule/tls"
	xmlns:http="http://www.mulesoft.org/schema/mule/http" xmlns:tracking="http://www.mulesoft.org/schema/mule/ee/tracking"
	xmlns="http://www.mulesoft.org/schema/mule/core" xmlns:doc="http://www.mulesoft.org/schema/mule/documentation"
	xmlns:spring="http://www.springframework.org/schema/beans" 
	xmlns:xsi="http://www.w3.org/2001/XMLSchema-instance" xmlns:mule-ss="http://www.mulesoft.org/schema/mule/spring-security"
	xmlns:ss="http://www.springframework.org/schema/security"
	xsi:schemaLocation="http://www.springframework.org/schema/beans http://www.springframework.org/schema/beans/spring-beans-current.xsd
http://www.mulesoft.org/schema/mule/core http://www.mulesoft.org/schema/mule/core/current/mule.xsd
http://www.mulesoft.org/schema/mule/http http://www.mulesoft.org/schema/mule/http/current/mule-http.xsd
http://www.mulesoft.org/schema/mule/ee/tracking http://www.mulesoft.org/schema/mule/ee/tracking/current/mule-tracking-ee.xsd
http://www.mulesoft.org/schema/mule/spring-security http://www.mulesoft.org/schema/mule/spring-security/3.1/mule-spring-security.xsd
http://www.springframework.org/schema/security http://www.springframework.org/schema/security/spring-security-3.0.xsd
http://www.mulesoft.org/schema/mule/tls http://www.mulesoft.org/schema/mule/tls/current/mule-tls.xsd
http://www.springframework.org/schema/beans http://www.springframework.org/schema/beans/spring-beans-3.0.xsd
http://www.mulesoft.org/schema/mule/https http://www.mulesoft.org/schema/mule/https/current/mule-https.xsd">

	<spring:beans>
		<spring:bean class="com.test.CustomAuthenticationProvider"
			id="customAuthenticationProvider" />
	</spring:beans>
	<spring:beans>
		<ss:authentication-manager alias="authenticationManager">
			<ss:authentication-provider ref="customAuthenticationProvider" />
			<!-- picking credentials from Java Class -->
		</ss:authentication-manager>
	</spring:beans>
	<mule-ss:security-manager doc:name="Spring_Security_Provider"
		name="security">
		<mule-ss:delegate-security-provider
			name="memory-provider" delegate-ref="authenticationManager" />
	</mule-ss:security-manager>
	<http:listener-config name="HTTP_Listener_Configuration"
		host="localhost" port="8845" doc:name="HTTP Listener Configuration" />

	<flow name="SpringAuthWithJava">
		<http:listener config-ref="HTTP_Listener_Configuration"
			path="/secure" doc:name="HTTP" />
		<http:basic-security-filter realm="mule-realm" />
		<mule-ss:authorization-filter
			requiredAuthorities="#{{'ROLE_ADMIN','ROLE_USER'}}" />
		<logger level="INFO" message="## passed security ## Valid Authorized person" doc:name="Logger" />
        <catch-exception-strategy logException="false" doc:name="Catch Exception Strategy">
            <logger message="Exception = #[exception.message]" level="INFO" doc:name="Logger"/>
        </catch-exception-strategy>
	</flow>
</mule>
