<?xml version="1.0" encoding="UTF-8"?>

<mule xmlns:dw="http://www.mulesoft.org/schema/mule/ee/dw" xmlns:db="http://www.mulesoft.org/schema/mule/db" xmlns:tracking="http://www.mulesoft.org/schema/mule/ee/tracking" xmlns="http://www.mulesoft.org/schema/mule/core" xmlns:doc="http://www.mulesoft.org/schema/mule/documentation"
	xmlns:spring="http://www.springframework.org/schema/beans" 
	xmlns:xsi="http://www.w3.org/2001/XMLSchema-instance"
	xsi:schemaLocation="http://www.springframework.org/schema/beans http://www.springframework.org/schema/beans/spring-beans-current.xsd
http://www.mulesoft.org/schema/mule/core http://www.mulesoft.org/schema/mule/core/current/mule.xsd
http://www.mulesoft.org/schema/mule/ee/tracking http://www.mulesoft.org/schema/mule/ee/tracking/current/mule-tracking-ee.xsd
http://www.mulesoft.org/schema/mule/db http://www.mulesoft.org/schema/mule/db/current/mule-db.xsd
http://www.mulesoft.org/schema/mule/ee/dw http://www.mulesoft.org/schema/mule/ee/dw/current/dw.xsd">
    <flow name="getTwitterRequestmapSettingsFlow">
        <logger level="INFO" doc:name="Logger" message="getTwitterRequestmapSettingsFlow ==&gt; userId = #[flowVars['userId']]"/>
        <db:select config-ref="MySQL_Configuration" doc:name="Database">
            <db:parameterized-query><![CDATA[select TOKEN_BEAN from TWITTER_USER_MAP where USER_ID=#[flowVars['userId']]]]></db:parameterized-query>
        </db:select>
        <choice doc:name="Choice">
            <when expression="#[payload != []]">
                <dw:transform-message doc:name="Transform Message">
                    <dw:set-payload resource="classpath:dwScripts/buildGetTwitterRequestMapSettings.dwl"/>
                </dw:transform-message>
            </when>
            <otherwise>
                <dw:transform-message doc:name="No Results">
          			<dw:set-payload resource="classpath:dwScripts/buildGoogleDriveNoResultExample.dwl"/>
                </dw:transform-message>
            </otherwise>
        </choice>
    </flow>
    <flow name="postTwitterRequestmapSettingsFlow">
        <logger message="postTwitterRequestMap = #[message.payloadAs(java.lang.String)] +++++++++ userId = #[flowVars['userId']]" level="DEBUG" doc:name="Logger"/>
    	<dw:transform-message doc:name="Transform Message">
   			<dw:set-payload resource="classpath:dwScripts/fromObjectToJava.dwl"/>
        </dw:transform-message>
        <db:insert config-ref="MySQL_Configuration" doc:name="Database">
            <db:parameterized-query><![CDATA[insert into TWITTER_USER_MAP(USER_ID,TOKEN_BEAN,Created_Date) values(#[flowVars['userId']],#[payload['requestTokenValues']],#[function:now])]]></db:parameterized-query>
        </db:insert>
        <dw:transform-message doc:name="Transform Message">
            <dw:set-payload resource="classpath:dwScripts/buildGoogleDriveOperationExample.dwl"/>
        </dw:transform-message>
    </flow>
    <flow name="putTwitterRequestmapSettingsFlow">
        <logger message="putTwitterRequestmapSettingsFlow = #[message.payloadAs(java.lang.String)] +++++++ userId = #[flowVars['userId']]" level="DEBUG" doc:name="Logger"/>
    	<dw:transform-message doc:name="Transform Message">
   			<dw:set-payload resource="classpath:dwScripts/fromObjectToJava.dwl"/>
        </dw:transform-message>
        <db:update config-ref="MySQL_Configuration" doc:name="Database">
            <db:parameterized-query><![CDATA[update TWITTER_USER_MAP set TOKEN_BEAN=#[payload['requestTokenValues']], Created_Date=#[function:now] where USER_ID=#[flowVars['userId']]]]></db:parameterized-query>
        </db:update>
        <dw:transform-message doc:name="Transform Message">
            <dw:set-payload resource="classpath:dwScripts/buildGoogleDriveOperationExample.dwl"/>
        </dw:transform-message>
    </flow>
    <flow name="deleteTwitterRequestmapSettingsFlow">
        <logger message="deleteTwitterRequestmapSettingsFlow ==&gt; userId = #[flowVars['userId']]" level="INFO" doc:name="Logger"/>
        <db:delete config-ref="MySQL_Configuration" doc:name="Database">
            <db:parameterized-query><![CDATA[delete from TWITTER_USER_MAP where USER_ID=#[flowVars['userId']]]]></db:parameterized-query>
        </db:delete>
        <dw:transform-message doc:name="Transform Message">
            <dw:set-payload resource="classpath:dwScripts/buildGoogleDriveOperationExample.dwl"/>
        </dw:transform-message>
    </flow>
</mule>
