<metadata__catalog__entry>
  <version>5.2.0.0</version>
  <types class="tree-map">
    <entry>
      <org.mule.common.metadata.DefaultMetaDataKey>
        <id>org.mule.modules.spark.bean.MessagesPostRequest</id>
        <displayName>org.mule.modules.spark.bean.MessagesPostRequest</displayName>
        <category>DEFAULT</category>
        <metaDataKeyPropertiesManager>
          <properties>
            <org.mule.common.metadata.key.property.dsql.DsqlFromMetaDataKeyProperty/>
          </properties>
        </metaDataKeyPropertiesManager>
      </org.mule.common.metadata.DefaultMetaDataKey>
      <org.mule.common.metadata.DefaultPojoMetaDataModel>
        <implementationClass>org.mule.modules.spark.bean.MessagesPostRequest</implementationClass>
        <dataType>POJO</dataType>
        <metaDataModelPropertiesManager>
          <properties/>
        </metaDataModelPropertiesManager>
        <fields>
          <org.mule.common.metadata.DefaultMetaDataField>
            <name>files</name>
            <model class="org.mule.common.metadata.DefaultSimpleMetaDataModel">
              <dataType>STRING</dataType>
              <metaDataModelPropertiesManager>
                <properties/>
              </metaDataModelPropertiesManager>
            </model>
            <accessType>READ_WRITE</accessType>
            <metaDataFieldPropertyManager>
              <properties>
                <org.mule.common.metadata.field.property.dsql.DsqlSelectMetaDataFieldProperty/>
                <org.mule.common.metadata.field.property.dsql.DsqlWhereMetaDataFieldProperty/>
                <org.mule.common.metadata.field.property.dsql.DsqlOrderMetaDataFieldProperty/>
                <org.mule.common.metadata.field.property.dsql.DsqlQueryOperatorsMetaDataFieldProperty>
                  <supportedOperators>
                    <org.mule.common.query.expression.LessOperator/>
                    <org.mule.common.query.expression.LessOrEqualsOperator/>
                    <org.mule.common.query.expression.EqualsOperator/>
                    <org.mule.common.query.expression.GreaterOperator/>
                    <org.mule.common.query.expression.GreaterOrEqualsOperator/>
                    <org.mule.common.query.expression.NotEqualsOperator/>
                    <org.mule.common.query.expression.LikeOperator/>
                  </supportedOperators>
                </org.mule.common.metadata.field.property.dsql.DsqlQueryOperatorsMetaDataFieldProperty>
              </properties>
            </metaDataFieldPropertyManager>
          </org.mule.common.metadata.DefaultMetaDataField>
          <org.mule.common.metadata.DefaultMetaDataField>
            <name>html</name>
            <model class="org.mule.common.metadata.DefaultSimpleMetaDataModel">
              <dataType>STRING</dataType>
              <metaDataModelPropertiesManager>
                <properties/>
              </metaDataModelPropertiesManager>
            </model>
            <accessType>READ_WRITE</accessType>
            <metaDataFieldPropertyManager>
              <properties>
                <org.mule.common.metadata.field.property.dsql.DsqlSelectMetaDataFieldProperty/>
                <org.mule.common.metadata.field.property.dsql.DsqlWhereMetaDataFieldProperty/>
                <org.mule.common.metadata.field.property.dsql.DsqlOrderMetaDataFieldProperty/>
                <org.mule.common.metadata.field.property.dsql.DsqlQueryOperatorsMetaDataFieldProperty>
                  <supportedOperators>
                    <org.mule.common.query.expression.LessOperator/>
                    <org.mule.common.query.expression.LessOrEqualsOperator/>
                    <org.mule.common.query.expression.EqualsOperator/>
                    <org.mule.common.query.expression.GreaterOperator/>
                    <org.mule.common.query.expression.GreaterOrEqualsOperator/>
                    <org.mule.common.query.expression.NotEqualsOperator/>
                    <org.mule.common.query.expression.LikeOperator/>
                  </supportedOperators>
                </org.mule.common.metadata.field.property.dsql.DsqlQueryOperatorsMetaDataFieldProperty>
              </properties>
            </metaDataFieldPropertyManager>
          </org.mule.common.metadata.DefaultMetaDataField>
          <org.mule.common.metadata.DefaultMetaDataField>
            <name>markdown</name>
            <model class="org.mule.common.metadata.DefaultSimpleMetaDataModel">
              <dataType>STRING</dataType>
              <metaDataModelPropertiesManager>
                <properties/>
              </metaDataModelPropertiesManager>
            </model>
            <accessType>READ_WRITE</accessType>
            <metaDataFieldPropertyManager>
              <properties>
                <org.mule.common.metadata.field.property.dsql.DsqlSelectMetaDataFieldProperty/>
                <org.mule.common.metadata.field.property.dsql.DsqlWhereMetaDataFieldProperty/>
                <org.mule.common.metadata.field.property.dsql.DsqlOrderMetaDataFieldProperty/>
                <org.mule.common.metadata.field.property.dsql.DsqlQueryOperatorsMetaDataFieldProperty>
                  <supportedOperators>
                    <org.mule.common.query.expression.LessOperator/>
                    <org.mule.common.query.expression.LessOrEqualsOperator/>
                    <org.mule.common.query.expression.EqualsOperator/>
                    <org.mule.common.query.expression.GreaterOperator/>
                    <org.mule.common.query.expression.GreaterOrEqualsOperator/>
                    <org.mule.common.query.expression.NotEqualsOperator/>
                    <org.mule.common.query.expression.LikeOperator/>
                  </supportedOperators>
                </org.mule.common.metadata.field.property.dsql.DsqlQueryOperatorsMetaDataFieldProperty>
              </properties>
            </metaDataFieldPropertyManager>
          </org.mule.common.metadata.DefaultMetaDataField>
          <org.mule.common.metadata.DefaultMetaDataField>
            <name>roomId</name>
            <model class="org.mule.common.metadata.DefaultSimpleMetaDataModel">
              <dataType>STRING</dataType>
              <metaDataModelPropertiesManager>
                <properties/>
              </metaDataModelPropertiesManager>
            </model>
            <accessType>READ_WRITE</accessType>
            <metaDataFieldPropertyManager>
              <properties>
                <org.mule.common.metadata.field.property.dsql.DsqlSelectMetaDataFieldProperty/>
                <org.mule.common.metadata.field.property.dsql.DsqlWhereMetaDataFieldProperty/>
                <org.mule.common.metadata.field.property.dsql.DsqlOrderMetaDataFieldProperty/>
                <org.mule.common.metadata.field.property.dsql.DsqlQueryOperatorsMetaDataFieldProperty>
                  <supportedOperators>
                    <org.mule.common.query.expression.LessOperator/>
                    <org.mule.common.query.expression.LessOrEqualsOperator/>
                    <org.mule.common.query.expression.EqualsOperator/>
                    <org.mule.common.query.expression.GreaterOperator/>
                    <org.mule.common.query.expression.GreaterOrEqualsOperator/>
                    <org.mule.common.query.expression.NotEqualsOperator/>
                    <org.mule.common.query.expression.LikeOperator/>
                  </supportedOperators>
                </org.mule.common.metadata.field.property.dsql.DsqlQueryOperatorsMetaDataFieldProperty>
              </properties>
            </metaDataFieldPropertyManager>
          </org.mule.common.metadata.DefaultMetaDataField>
          <org.mule.common.metadata.DefaultMetaDataField>
            <name>text</name>
            <model class="org.mule.common.metadata.DefaultSimpleMetaDataModel">
              <dataType>STRING</dataType>
              <metaDataModelPropertiesManager>
                <properties/>
              </metaDataModelPropertiesManager>
            </model>
            <accessType>READ_WRITE</accessType>
            <metaDataFieldPropertyManager>
              <properties>
                <org.mule.common.metadata.field.property.dsql.DsqlSelectMetaDataFieldProperty/>
                <org.mule.common.metadata.field.property.dsql.DsqlWhereMetaDataFieldProperty/>
                <org.mule.common.metadata.field.property.dsql.DsqlOrderMetaDataFieldProperty/>
                <org.mule.common.metadata.field.property.dsql.DsqlQueryOperatorsMetaDataFieldProperty>
                  <supportedOperators>
                    <org.mule.common.query.expression.LessOperator/>
                    <org.mule.common.query.expression.LessOrEqualsOperator/>
                    <org.mule.common.query.expression.EqualsOperator/>
                    <org.mule.common.query.expression.GreaterOperator/>
                    <org.mule.common.query.expression.GreaterOrEqualsOperator/>
                    <org.mule.common.query.expression.NotEqualsOperator/>
                    <org.mule.common.query.expression.LikeOperator/>
                  </supportedOperators>
                </org.mule.common.metadata.field.property.dsql.DsqlQueryOperatorsMetaDataFieldProperty>
              </properties>
            </metaDataFieldPropertyManager>
          </org.mule.common.metadata.DefaultMetaDataField>
          <org.mule.common.metadata.DefaultMetaDataField>
            <name>toPersonEmail</name>
            <model class="org.mule.common.metadata.DefaultSimpleMetaDataModel">
              <dataType>STRING</dataType>
              <metaDataModelPropertiesManager>
                <properties/>
              </metaDataModelPropertiesManager>
            </model>
            <accessType>READ_WRITE</accessType>
            <metaDataFieldPropertyManager>
              <properties>
                <org.mule.common.metadata.field.property.dsql.DsqlSelectMetaDataFieldProperty/>
                <org.mule.common.metadata.field.property.dsql.DsqlWhereMetaDataFieldProperty/>
                <org.mule.common.metadata.field.property.dsql.DsqlOrderMetaDataFieldProperty/>
                <org.mule.common.metadata.field.property.dsql.DsqlQueryOperatorsMetaDataFieldProperty>
                  <supportedOperators>
                    <org.mule.common.query.expression.LessOperator/>
                    <org.mule.common.query.expression.LessOrEqualsOperator/>
                    <org.mule.common.query.expression.EqualsOperator/>
                    <org.mule.common.query.expression.GreaterOperator/>
                    <org.mule.common.query.expression.GreaterOrEqualsOperator/>
                    <org.mule.common.query.expression.NotEqualsOperator/>
                    <org.mule.common.query.expression.LikeOperator/>
                  </supportedOperators>
                </org.mule.common.metadata.field.property.dsql.DsqlQueryOperatorsMetaDataFieldProperty>
              </properties>
            </metaDataFieldPropertyManager>
          </org.mule.common.metadata.DefaultMetaDataField>
          <org.mule.common.metadata.DefaultMetaDataField>
            <name>toPersonId</name>
            <model class="org.mule.common.metadata.DefaultSimpleMetaDataModel">
              <dataType>STRING</dataType>
              <metaDataModelPropertiesManager>
                <properties/>
              </metaDataModelPropertiesManager>
            </model>
            <accessType>READ_WRITE</accessType>
            <metaDataFieldPropertyManager>
              <properties>
                <org.mule.common.metadata.field.property.dsql.DsqlSelectMetaDataFieldProperty/>
                <org.mule.common.metadata.field.property.dsql.DsqlWhereMetaDataFieldProperty/>
                <org.mule.common.metadata.field.property.dsql.DsqlOrderMetaDataFieldProperty/>
                <org.mule.common.metadata.field.property.dsql.DsqlQueryOperatorsMetaDataFieldProperty>
                  <supportedOperators>
                    <org.mule.common.query.expression.LessOperator/>
                    <org.mule.common.query.expression.LessOrEqualsOperator/>
                    <org.mule.common.query.expression.EqualsOperator/>
                    <org.mule.common.query.expression.GreaterOperator/>
                    <org.mule.common.query.expression.GreaterOrEqualsOperator/>
                    <org.mule.common.query.expression.NotEqualsOperator/>
                    <org.mule.common.query.expression.LikeOperator/>
                  </supportedOperators>
                </org.mule.common.metadata.field.property.dsql.DsqlQueryOperatorsMetaDataFieldProperty>
              </properties>
            </metaDataFieldPropertyManager>
          </org.mule.common.metadata.DefaultMetaDataField>
        </fields>
        <clazzName>org.mule.modules.spark.bean.MessagesPostRequest</clazzName>
        <isInterface>false</isInterface>
        <name>MessagesPostRequest</name>
        <parentNames>
          <string>java.lang.Object</string>
        </parentNames>
      </org.mule.common.metadata.DefaultPojoMetaDataModel>
    </entry>
    <entry>
      <org.mule.common.metadata.DefaultMetaDataKey>
        <id>org.mule.modules.spark.bean.MessagesPostResponse</id>
        <displayName>org.mule.modules.spark.bean.MessagesPostResponse</displayName>
        <category>DEFAULT</category>
        <metaDataKeyPropertiesManager>
          <properties>
            <org.mule.common.metadata.key.property.dsql.DsqlFromMetaDataKeyProperty/>
          </properties>
        </metaDataKeyPropertiesManager>
      </org.mule.common.metadata.DefaultMetaDataKey>
      <org.mule.common.metadata.DefaultPojoMetaDataModel>
        <implementationClass>org.mule.modules.spark.bean.MessagesPostResponse</implementationClass>
        <dataType>POJO</dataType>
        <metaDataModelPropertiesManager>
          <properties/>
        </metaDataModelPropertiesManager>
        <fields>
          <org.mule.common.metadata.DefaultMetaDataField>
            <name>additionalProperties</name>
            <model class="org.mule.common.metadata.DefaultParameterizedMapMetaDataModel">
              <dataType>MAP</dataType>
              <metaDataModelPropertiesManager>
                <properties/>
              </metaDataModelPropertiesManager>
              <keyMetaDataModel class="org.mule.common.metadata.DefaultSimpleMetaDataModel">
                <dataType>STRING</dataType>
                <metaDataModelPropertiesManager>
                  <properties/>
                </metaDataModelPropertiesManager>
              </keyMetaDataModel>
              <valueMetaDataModel class="org.mule.common.metadata.DefaultPojoMetaDataModel">
                <implementationClass>java.lang.Object</implementationClass>
                <dataType>POJO</dataType>
                <metaDataModelPropertiesManager>
                  <properties/>
                </metaDataModelPropertiesManager>
                <fields/>
                <clazzName>java.lang.Object</clazzName>
                <isInterface>false</isInterface>
                <name>Object</name>
                <parentNames/>
              </valueMetaDataModel>
            </model>
            <accessType>READ</accessType>
            <metaDataFieldPropertyManager>
              <properties>
                <org.mule.common.metadata.field.property.dsql.DsqlSelectMetaDataFieldProperty/>
                <org.mule.common.metadata.field.property.dsql.DsqlWhereMetaDataFieldProperty/>
                <org.mule.common.metadata.field.property.dsql.DsqlOrderMetaDataFieldProperty/>
                <org.mule.common.metadata.field.property.dsql.DsqlQueryOperatorsMetaDataFieldProperty>
                  <supportedOperators/>
                </org.mule.common.metadata.field.property.dsql.DsqlQueryOperatorsMetaDataFieldProperty>
              </properties>
            </metaDataFieldPropertyManager>
          </org.mule.common.metadata.DefaultMetaDataField>
          <org.mule.common.metadata.DefaultMetaDataField>
            <name>created</name>
            <model class="org.mule.common.metadata.DefaultSimpleMetaDataModel">
              <dataType>STRING</dataType>
              <metaDataModelPropertiesManager>
                <properties/>
              </metaDataModelPropertiesManager>
            </model>
            <accessType>READ_WRITE</accessType>
            <metaDataFieldPropertyManager>
              <properties>
                <org.mule.common.metadata.field.property.dsql.DsqlSelectMetaDataFieldProperty/>
                <org.mule.common.metadata.field.property.dsql.DsqlWhereMetaDataFieldProperty/>
                <org.mule.common.metadata.field.property.dsql.DsqlOrderMetaDataFieldProperty/>
                <org.mule.common.metadata.field.property.dsql.DsqlQueryOperatorsMetaDataFieldProperty>
                  <supportedOperators>
                    <org.mule.common.query.expression.LessOperator/>
                    <org.mule.common.query.expression.LessOrEqualsOperator/>
                    <org.mule.common.query.expression.EqualsOperator/>
                    <org.mule.common.query.expression.GreaterOperator/>
                    <org.mule.common.query.expression.GreaterOrEqualsOperator/>
                    <org.mule.common.query.expression.NotEqualsOperator/>
                    <org.mule.common.query.expression.LikeOperator/>
                  </supportedOperators>
                </org.mule.common.metadata.field.property.dsql.DsqlQueryOperatorsMetaDataFieldProperty>
              </properties>
            </metaDataFieldPropertyManager>
          </org.mule.common.metadata.DefaultMetaDataField>
          <org.mule.common.metadata.DefaultMetaDataField>
            <name>files</name>
            <model class="org.mule.common.metadata.DefaultListMetaDataModel">
              <dataType>LIST</dataType>
              <metaDataModelPropertiesManager>
                <properties/>
              </metaDataModelPropertiesManager>
              <model class="org.mule.common.metadata.DefaultSimpleMetaDataModel">
                <dataType>STRING</dataType>
                <metaDataModelPropertiesManager>
                  <properties/>
                </metaDataModelPropertiesManager>
              </model>
              <isArray>true</isArray>
            </model>
            <accessType>READ_WRITE</accessType>
            <metaDataFieldPropertyManager>
              <properties>
                <org.mule.common.metadata.field.property.dsql.DsqlSelectMetaDataFieldProperty/>
                <org.mule.common.metadata.field.property.dsql.DsqlWhereMetaDataFieldProperty/>
                <org.mule.common.metadata.field.property.dsql.DsqlOrderMetaDataFieldProperty/>
                <org.mule.common.metadata.field.property.dsql.DsqlQueryOperatorsMetaDataFieldProperty>
                  <supportedOperators/>
                </org.mule.common.metadata.field.property.dsql.DsqlQueryOperatorsMetaDataFieldProperty>
              </properties>
            </metaDataFieldPropertyManager>
          </org.mule.common.metadata.DefaultMetaDataField>
          <org.mule.common.metadata.DefaultMetaDataField>
            <name>html</name>
            <model class="org.mule.common.metadata.DefaultSimpleMetaDataModel">
              <dataType>STRING</dataType>
              <metaDataModelPropertiesManager>
                <properties/>
              </metaDataModelPropertiesManager>
            </model>
            <accessType>READ_WRITE</accessType>
            <metaDataFieldPropertyManager>
              <properties>
                <org.mule.common.metadata.field.property.dsql.DsqlSelectMetaDataFieldProperty/>
                <org.mule.common.metadata.field.property.dsql.DsqlWhereMetaDataFieldProperty/>
                <org.mule.common.metadata.field.property.dsql.DsqlOrderMetaDataFieldProperty/>
                <org.mule.common.metadata.field.property.dsql.DsqlQueryOperatorsMetaDataFieldProperty>
                  <supportedOperators>
                    <org.mule.common.query.expression.LessOperator/>
                    <org.mule.common.query.expression.LessOrEqualsOperator/>
                    <org.mule.common.query.expression.EqualsOperator/>
                    <org.mule.common.query.expression.GreaterOperator/>
                    <org.mule.common.query.expression.GreaterOrEqualsOperator/>
                    <org.mule.common.query.expression.NotEqualsOperator/>
                    <org.mule.common.query.expression.LikeOperator/>
                  </supportedOperators>
                </org.mule.common.metadata.field.property.dsql.DsqlQueryOperatorsMetaDataFieldProperty>
              </properties>
            </metaDataFieldPropertyManager>
          </org.mule.common.metadata.DefaultMetaDataField>
          <org.mule.common.metadata.DefaultMetaDataField>
            <name>id</name>
            <model class="org.mule.common.metadata.DefaultSimpleMetaDataModel">
              <dataType>STRING</dataType>
              <metaDataModelPropertiesManager>
                <properties/>
              </metaDataModelPropertiesManager>
            </model>
            <accessType>READ_WRITE</accessType>
            <metaDataFieldPropertyManager>
              <properties>
                <org.mule.common.metadata.field.property.dsql.DsqlSelectMetaDataFieldProperty/>
                <org.mule.common.metadata.field.property.dsql.DsqlWhereMetaDataFieldProperty/>
                <org.mule.common.metadata.field.property.dsql.DsqlOrderMetaDataFieldProperty/>
                <org.mule.common.metadata.field.property.dsql.DsqlQueryOperatorsMetaDataFieldProperty>
                  <supportedOperators>
                    <org.mule.common.query.expression.LessOperator/>
                    <org.mule.common.query.expression.LessOrEqualsOperator/>
                    <org.mule.common.query.expression.EqualsOperator/>
                    <org.mule.common.query.expression.GreaterOperator/>
                    <org.mule.common.query.expression.GreaterOrEqualsOperator/>
                    <org.mule.common.query.expression.NotEqualsOperator/>
                    <org.mule.common.query.expression.LikeOperator/>
                  </supportedOperators>
                </org.mule.common.metadata.field.property.dsql.DsqlQueryOperatorsMetaDataFieldProperty>
              </properties>
            </metaDataFieldPropertyManager>
          </org.mule.common.metadata.DefaultMetaDataField>
          <org.mule.common.metadata.DefaultMetaDataField>
            <name>personEmail</name>
            <model class="org.mule.common.metadata.DefaultSimpleMetaDataModel">
              <dataType>STRING</dataType>
              <metaDataModelPropertiesManager>
                <properties/>
              </metaDataModelPropertiesManager>
            </model>
            <accessType>READ_WRITE</accessType>
            <metaDataFieldPropertyManager>
              <properties>
                <org.mule.common.metadata.field.property.dsql.DsqlSelectMetaDataFieldProperty/>
                <org.mule.common.metadata.field.property.dsql.DsqlWhereMetaDataFieldProperty/>
                <org.mule.common.metadata.field.property.dsql.DsqlOrderMetaDataFieldProperty/>
                <org.mule.common.metadata.field.property.dsql.DsqlQueryOperatorsMetaDataFieldProperty>
                  <supportedOperators>
                    <org.mule.common.query.expression.LessOperator/>
                    <org.mule.common.query.expression.LessOrEqualsOperator/>
                    <org.mule.common.query.expression.EqualsOperator/>
                    <org.mule.common.query.expression.GreaterOperator/>
                    <org.mule.common.query.expression.GreaterOrEqualsOperator/>
                    <org.mule.common.query.expression.NotEqualsOperator/>
                    <org.mule.common.query.expression.LikeOperator/>
                  </supportedOperators>
                </org.mule.common.metadata.field.property.dsql.DsqlQueryOperatorsMetaDataFieldProperty>
              </properties>
            </metaDataFieldPropertyManager>
          </org.mule.common.metadata.DefaultMetaDataField>
          <org.mule.common.metadata.DefaultMetaDataField>
            <name>personId</name>
            <model class="org.mule.common.metadata.DefaultSimpleMetaDataModel">
              <dataType>STRING</dataType>
              <metaDataModelPropertiesManager>
                <properties/>
              </metaDataModelPropertiesManager>
            </model>
            <accessType>READ_WRITE</accessType>
            <metaDataFieldPropertyManager>
              <properties>
                <org.mule.common.metadata.field.property.dsql.DsqlSelectMetaDataFieldProperty/>
                <org.mule.common.metadata.field.property.dsql.DsqlWhereMetaDataFieldProperty/>
                <org.mule.common.metadata.field.property.dsql.DsqlOrderMetaDataFieldProperty/>
                <org.mule.common.metadata.field.property.dsql.DsqlQueryOperatorsMetaDataFieldProperty>
                  <supportedOperators>
                    <org.mule.common.query.expression.LessOperator/>
                    <org.mule.common.query.expression.LessOrEqualsOperator/>
                    <org.mule.common.query.expression.EqualsOperator/>
                    <org.mule.common.query.expression.GreaterOperator/>
                    <org.mule.common.query.expression.GreaterOrEqualsOperator/>
                    <org.mule.common.query.expression.NotEqualsOperator/>
                    <org.mule.common.query.expression.LikeOperator/>
                  </supportedOperators>
                </org.mule.common.metadata.field.property.dsql.DsqlQueryOperatorsMetaDataFieldProperty>
              </properties>
            </metaDataFieldPropertyManager>
          </org.mule.common.metadata.DefaultMetaDataField>
          <org.mule.common.metadata.DefaultMetaDataField>
            <name>roomId</name>
            <model class="org.mule.common.metadata.DefaultSimpleMetaDataModel">
              <dataType>STRING</dataType>
              <metaDataModelPropertiesManager>
                <properties/>
              </metaDataModelPropertiesManager>
            </model>
            <accessType>READ_WRITE</accessType>
            <metaDataFieldPropertyManager>
              <properties>
                <org.mule.common.metadata.field.property.dsql.DsqlSelectMetaDataFieldProperty/>
                <org.mule.common.metadata.field.property.dsql.DsqlWhereMetaDataFieldProperty/>
                <org.mule.common.metadata.field.property.dsql.DsqlOrderMetaDataFieldProperty/>
                <org.mule.common.metadata.field.property.dsql.DsqlQueryOperatorsMetaDataFieldProperty>
                  <supportedOperators>
                    <org.mule.common.query.expression.LessOperator/>
                    <org.mule.common.query.expression.LessOrEqualsOperator/>
                    <org.mule.common.query.expression.EqualsOperator/>
                    <org.mule.common.query.expression.GreaterOperator/>
                    <org.mule.common.query.expression.GreaterOrEqualsOperator/>
                    <org.mule.common.query.expression.NotEqualsOperator/>
                    <org.mule.common.query.expression.LikeOperator/>
                  </supportedOperators>
                </org.mule.common.metadata.field.property.dsql.DsqlQueryOperatorsMetaDataFieldProperty>
              </properties>
            </metaDataFieldPropertyManager>
          </org.mule.common.metadata.DefaultMetaDataField>
          <org.mule.common.metadata.DefaultMetaDataField>
            <name>roomType</name>
            <model class="org.mule.common.metadata.DefaultSimpleMetaDataModel">
              <dataType>STRING</dataType>
              <metaDataModelPropertiesManager>
                <properties/>
              </metaDataModelPropertiesManager>
            </model>
            <accessType>READ_WRITE</accessType>
            <metaDataFieldPropertyManager>
              <properties>
                <org.mule.common.metadata.field.property.dsql.DsqlSelectMetaDataFieldProperty/>
                <org.mule.common.metadata.field.property.dsql.DsqlWhereMetaDataFieldProperty/>
                <org.mule.common.metadata.field.property.dsql.DsqlOrderMetaDataFieldProperty/>
                <org.mule.common.metadata.field.property.dsql.DsqlQueryOperatorsMetaDataFieldProperty>
                  <supportedOperators>
                    <org.mule.common.query.expression.LessOperator/>
                    <org.mule.common.query.expression.LessOrEqualsOperator/>
                    <org.mule.common.query.expression.EqualsOperator/>
                    <org.mule.common.query.expression.GreaterOperator/>
                    <org.mule.common.query.expression.GreaterOrEqualsOperator/>
                    <org.mule.common.query.expression.NotEqualsOperator/>
                    <org.mule.common.query.expression.LikeOperator/>
                  </supportedOperators>
                </org.mule.common.metadata.field.property.dsql.DsqlQueryOperatorsMetaDataFieldProperty>
              </properties>
            </metaDataFieldPropertyManager>
          </org.mule.common.metadata.DefaultMetaDataField>
          <org.mule.common.metadata.DefaultMetaDataField>
            <name>statusCode</name>
            <model class="org.mule.common.metadata.DefaultSimpleMetaDataModel">
              <dataType>STRING</dataType>
              <metaDataModelPropertiesManager>
                <properties/>
              </metaDataModelPropertiesManager>
            </model>
            <accessType>READ_WRITE</accessType>
            <metaDataFieldPropertyManager>
              <properties>
                <org.mule.common.metadata.field.property.dsql.DsqlSelectMetaDataFieldProperty/>
                <org.mule.common.metadata.field.property.dsql.DsqlWhereMetaDataFieldProperty/>
                <org.mule.common.metadata.field.property.dsql.DsqlOrderMetaDataFieldProperty/>
                <org.mule.common.metadata.field.property.dsql.DsqlQueryOperatorsMetaDataFieldProperty>
                  <supportedOperators>
                    <org.mule.common.query.expression.LessOperator/>
                    <org.mule.common.query.expression.LessOrEqualsOperator/>
                    <org.mule.common.query.expression.EqualsOperator/>
                    <org.mule.common.query.expression.GreaterOperator/>
                    <org.mule.common.query.expression.GreaterOrEqualsOperator/>
                    <org.mule.common.query.expression.NotEqualsOperator/>
                    <org.mule.common.query.expression.LikeOperator/>
                  </supportedOperators>
                </org.mule.common.metadata.field.property.dsql.DsqlQueryOperatorsMetaDataFieldProperty>
              </properties>
            </metaDataFieldPropertyManager>
          </org.mule.common.metadata.DefaultMetaDataField>
          <org.mule.common.metadata.DefaultMetaDataField>
            <name>statusMessage</name>
            <model class="org.mule.common.metadata.DefaultSimpleMetaDataModel">
              <dataType>STRING</dataType>
              <metaDataModelPropertiesManager>
                <properties/>
              </metaDataModelPropertiesManager>
            </model>
            <accessType>READ_WRITE</accessType>
            <metaDataFieldPropertyManager>
              <properties>
                <org.mule.common.metadata.field.property.dsql.DsqlSelectMetaDataFieldProperty/>
                <org.mule.common.metadata.field.property.dsql.DsqlWhereMetaDataFieldProperty/>
                <org.mule.common.metadata.field.property.dsql.DsqlOrderMetaDataFieldProperty/>
                <org.mule.common.metadata.field.property.dsql.DsqlQueryOperatorsMetaDataFieldProperty>
                  <supportedOperators>
                    <org.mule.common.query.expression.LessOperator/>
                    <org.mule.common.query.expression.LessOrEqualsOperator/>
                    <org.mule.common.query.expression.EqualsOperator/>
                    <org.mule.common.query.expression.GreaterOperator/>
                    <org.mule.common.query.expression.GreaterOrEqualsOperator/>
                    <org.mule.common.query.expression.NotEqualsOperator/>
                    <org.mule.common.query.expression.LikeOperator/>
                  </supportedOperators>
                </org.mule.common.metadata.field.property.dsql.DsqlQueryOperatorsMetaDataFieldProperty>
              </properties>
            </metaDataFieldPropertyManager>
          </org.mule.common.metadata.DefaultMetaDataField>
          <org.mule.common.metadata.DefaultMetaDataField>
            <name>text</name>
            <model class="org.mule.common.metadata.DefaultSimpleMetaDataModel">
              <dataType>STRING</dataType>
              <metaDataModelPropertiesManager>
                <properties/>
              </metaDataModelPropertiesManager>
            </model>
            <accessType>READ_WRITE</accessType>
            <metaDataFieldPropertyManager>
              <properties>
                <org.mule.common.metadata.field.property.dsql.DsqlSelectMetaDataFieldProperty/>
                <org.mule.common.metadata.field.property.dsql.DsqlWhereMetaDataFieldProperty/>
                <org.mule.common.metadata.field.property.dsql.DsqlOrderMetaDataFieldProperty/>
                <org.mule.common.metadata.field.property.dsql.DsqlQueryOperatorsMetaDataFieldProperty>
                  <supportedOperators>
                    <org.mule.common.query.expression.LessOperator/>
                    <org.mule.common.query.expression.LessOrEqualsOperator/>
                    <org.mule.common.query.expression.EqualsOperator/>
                    <org.mule.common.query.expression.GreaterOperator/>
                    <org.mule.common.query.expression.GreaterOrEqualsOperator/>
                    <org.mule.common.query.expression.NotEqualsOperator/>
                    <org.mule.common.query.expression.LikeOperator/>
                  </supportedOperators>
                </org.mule.common.metadata.field.property.dsql.DsqlQueryOperatorsMetaDataFieldProperty>
              </properties>
            </metaDataFieldPropertyManager>
          </org.mule.common.metadata.DefaultMetaDataField>
          <org.mule.common.metadata.DefaultMetaDataField>
            <name>toPersonEmail</name>
            <model class="org.mule.common.metadata.DefaultSimpleMetaDataModel">
              <dataType>STRING</dataType>
              <metaDataModelPropertiesManager>
                <properties/>
              </metaDataModelPropertiesManager>
            </model>
            <accessType>READ_WRITE</accessType>
            <metaDataFieldPropertyManager>
              <properties>
                <org.mule.common.metadata.field.property.dsql.DsqlSelectMetaDataFieldProperty/>
                <org.mule.common.metadata.field.property.dsql.DsqlWhereMetaDataFieldProperty/>
                <org.mule.common.metadata.field.property.dsql.DsqlOrderMetaDataFieldProperty/>
                <org.mule.common.metadata.field.property.dsql.DsqlQueryOperatorsMetaDataFieldProperty>
                  <supportedOperators>
                    <org.mule.common.query.expression.LessOperator/>
                    <org.mule.common.query.expression.LessOrEqualsOperator/>
                    <org.mule.common.query.expression.EqualsOperator/>
                    <org.mule.common.query.expression.GreaterOperator/>
                    <org.mule.common.query.expression.GreaterOrEqualsOperator/>
                    <org.mule.common.query.expression.NotEqualsOperator/>
                    <org.mule.common.query.expression.LikeOperator/>
                  </supportedOperators>
                </org.mule.common.metadata.field.property.dsql.DsqlQueryOperatorsMetaDataFieldProperty>
              </properties>
            </metaDataFieldPropertyManager>
          </org.mule.common.metadata.DefaultMetaDataField>
          <org.mule.common.metadata.DefaultMetaDataField>
            <name>toPersonId</name>
            <model class="org.mule.common.metadata.DefaultSimpleMetaDataModel">
              <dataType>STRING</dataType>
              <metaDataModelPropertiesManager>
                <properties/>
              </metaDataModelPropertiesManager>
            </model>
            <accessType>READ_WRITE</accessType>
            <metaDataFieldPropertyManager>
              <properties>
                <org.mule.common.metadata.field.property.dsql.DsqlSelectMetaDataFieldProperty/>
                <org.mule.common.metadata.field.property.dsql.DsqlWhereMetaDataFieldProperty/>
                <org.mule.common.metadata.field.property.dsql.DsqlOrderMetaDataFieldProperty/>
                <org.mule.common.metadata.field.property.dsql.DsqlQueryOperatorsMetaDataFieldProperty>
                  <supportedOperators>
                    <org.mule.common.query.expression.LessOperator/>
                    <org.mule.common.query.expression.LessOrEqualsOperator/>
                    <org.mule.common.query.expression.EqualsOperator/>
                    <org.mule.common.query.expression.GreaterOperator/>
                    <org.mule.common.query.expression.GreaterOrEqualsOperator/>
                    <org.mule.common.query.expression.NotEqualsOperator/>
                    <org.mule.common.query.expression.LikeOperator/>
                  </supportedOperators>
                </org.mule.common.metadata.field.property.dsql.DsqlQueryOperatorsMetaDataFieldProperty>
              </properties>
            </metaDataFieldPropertyManager>
          </org.mule.common.metadata.DefaultMetaDataField>
          <org.mule.common.metadata.DefaultMetaDataField>
            <name>trackingID</name>
            <model class="org.mule.common.metadata.DefaultSimpleMetaDataModel">
              <dataType>STRING</dataType>
              <metaDataModelPropertiesManager>
                <properties/>
              </metaDataModelPropertiesManager>
            </model>
            <accessType>READ_WRITE</accessType>
            <metaDataFieldPropertyManager>
              <properties>
                <org.mule.common.metadata.field.property.dsql.DsqlSelectMetaDataFieldProperty/>
                <org.mule.common.metadata.field.property.dsql.DsqlWhereMetaDataFieldProperty/>
                <org.mule.common.metadata.field.property.dsql.DsqlOrderMetaDataFieldProperty/>
                <org.mule.common.metadata.field.property.dsql.DsqlQueryOperatorsMetaDataFieldProperty>
                  <supportedOperators>
                    <org.mule.common.query.expression.LessOperator/>
                    <org.mule.common.query.expression.LessOrEqualsOperator/>
                    <org.mule.common.query.expression.EqualsOperator/>
                    <org.mule.common.query.expression.GreaterOperator/>
                    <org.mule.common.query.expression.GreaterOrEqualsOperator/>
                    <org.mule.common.query.expression.NotEqualsOperator/>
                    <org.mule.common.query.expression.LikeOperator/>
                  </supportedOperators>
                </org.mule.common.metadata.field.property.dsql.DsqlQueryOperatorsMetaDataFieldProperty>
              </properties>
            </metaDataFieldPropertyManager>
          </org.mule.common.metadata.DefaultMetaDataField>
        </fields>
        <clazzName>org.mule.modules.spark.bean.MessagesPostResponse</clazzName>
        <isInterface>false</isInterface>
        <name>MessagesPostResponse</name>
        <parentNames>
          <string>java.lang.Object</string>
          <string>org.mule.modules.spark.bean.TrackingIDGenerationBean</string>
          <string>org.mule.modules.spark.bean.StatusResponse</string>
        </parentNames>
      </org.mule.common.metadata.DefaultPojoMetaDataModel>
    </entry>
  </types>
  <connectorName>CiscoSpark__Configuration</connectorName>
</metadata__catalog__entry>