{
  "hookResponse": {
    "fileName": "SampleDocss",
    "checkRoot": "false",
    "value": "resol",
    "pid": "0B89_5INY2UAAWEI2YjVTQi1xMkE",
    "googleDriveMessage": "Cisco Spark resolved comment on file [SampleDocss](https://docs.google.com/document/d/1MktxY2x4jC8pWLytYmBjmhBJIpxSAwYttJyYWfo87Jc) in [testFolder](https://drive.google.com/drive/folders/0B89_5INY2UAAWEI2YjVTQi1xMkE) \n  -  commented \"comment2\" by Cisco Spark on Jan 02 06:37 AM GMT"
  },
  "userEvents": "{\"notifications\":[\"file_added\",\"comment_create\",\"comment_reply\",\"comment_reopen\"],\"file_id\":\"all\",\"displayName\":\"All files n folders\",\"resources\":\"All Folders & Files \"}",
  "instanceDetails": {
    "instanceId": 10429,
    "integrationId": "Y2lzY29zcGFyazovL3VzL0FQUExJQ0FUSU9OL0MzNWJhMWNlYTVlNWMwNDdhNmYwNTc1ZjE1NjU0MWZiMmY1OGQ1NDczMDdkNmUyMWYzNDQ3NzBiNzdmOGMxNWFh",
    "userId": "Y2lzY29zcGFyazovL3VzL1BFT1BMRS8yYTA0YzVkMy0yNGJjLTQ1ZWItYmQzYS05ZDU1OGRmMmZhMjI",
    "updatedDate": "2016-12-30T08:52:45",
    "messageFormat": "Google Drive Bot :Hello...User",
    "createdDate": "2016-12-29T05:57:20",
    "status": "ACTIVE",
    "channelId": "Y2lzY29zcGFyazovL3VzL1JPT00vMGFiNTMyMDAtYWMxMC0xMWU2LWEyY2EtZjU5YzNmNDM3NTIy",
    "configJson": "{\"notifications\":[\"file_added\",\"comment_create\",\"comment_reply\",\"comment_reopen\"],\"file_id\":\"all\",\"displayName\":\"All files n folders\",\"resources\":\"All Folders & Files \"}",
    "instanceUuid": "a93a0940-cd8b-11e6-844f-0621f2ffeeb0"
  }
}