{
  "integrations": [
    {
      "id": "45d3dca9-485b-4bbf-9db7-c48419ec6fb0",
      "name": "Delivery updates",
      "action": "OUTBOUND_CALLBACK",
      "type": "OUTBOUND_WEBHOOK",
      "deployed": true,
      "form": "3c3d016a-ba6a-454b-b1c5-7e682b876936",
      "script": "// Capture callbacks\nvar callback = JSON.parse(request.body);\n\n// Convert list of event properties to an eventProperties object\nif (callback.eventProperties.constructor === Array) {\n        var eventProperties = callback.eventProperties;\n        callback.eventProperties = {};\n\n        for (var i = 0; i < eventProperties.length; i++) {\n            var eventProperty = eventProperties[i];\n            var key = Object.keys(eventProperty)[0];\n            callback.eventProperties[key] = eventProperty[key];\n        }\n\n    }\n\nvar slackWebHookURL = callback.eventProperties.response_url;\nif (slackWebHookURL === null) {\n    console.log(\"Make sure property response_url is included in callbacks\");\n    return;\n}\nvar slackPath  = slackWebHookURL.substring(slackWebHookURL.indexOf(\".com\") + 4);\n\nvar payload = {};\n\npayload.channel = '#' + callback.eventProperties.channel_name;\npayload.text    = 'xM Event \"' + callback.eventIdentifier + '\": ' + callback.deliveryStatus + ' to ' + callback.recipient + \"'s \" + callback.device + ' at ' + callback.date;\n\nvar postData = 'payload=' + encodeURI( JSON.stringify( payload ) );\n\nvar req = http.request({\n    method: 'POST',\n    endpoint:'Slack',\n    path: slackPath, \n    headers: {\n        'Content-Type': 'application/json',\n    }\n});\n\nreq.write(payload);\n"
    },
    {
      "id": "4cb0e207-5a73-4183-abd8-6f35fd1e7bf3",
      "name": "Invite to Channel",
      "action": "CREATE_EVENT",
      "type": "INBOUND_WEBHOOK",
      "deployed": true,
      "form": "3c3d016a-ba6a-454b-b1c5-7e682b876936",
      "script": "// Capture incoming webhook properties from the request parameters\ntrigger.properties = request.parameters;\n\n// Identify requested recipients\nvar targets = request.parameters.text.split(' ');\n\nvar unknown = [];\ntrigger.recipients = [];\n\n// Verify recipients exist\nfor (var i = 0; i < targets.length; i++) {\n\n    // Prepare the HTTP request\n    var req = http.request({\n        'endpoint': 'xMatters',\n        'method': 'GET',\n        'path': 'api/xm/1/groups/' + targets[i]\n    });\n\n    // Send the request \n    var response = req.write();\n\n    // Determine if the requested targets exist in xMatters or are unknown\n\n    if (response.statusCode === 200) {\n        trigger.recipients.push({\"targetName\": targets[i]});\n    }\n    else if (response.statusCode === 404) {\n        unknown.push(targets[i]);\n    }\n\n}\n\n// Create xMatters event\nform.post(trigger);\n\n// Post to Slack if any targeted recipients are unknown\nif (unknown.length > 0) {\n\nvar slackWebHookURL = request.parameters.response_url;\nvar slackPath = slackWebHookURL.substring(slackWebHookURL.indexOf(\".com\") + 4);\nvar payload = {};\n\npayload.channel = '#' + request.parameters.channel_name;\npayload.text = 'These groups do not exist in xMatters and cannot be notified: ' + unknown;\n\nvar postData = 'payload=' + encodeURI(JSON.stringify(payload));\n\nvar req = http.request({\n    method: 'POST',\n    endpoint: 'Slack',\n    path: slackPath,\n    headers: {\n        'Content-Type': 'application/json',\n    }\n});\n\nreq.write(payload);\n}"
    },
    {
      "id": "64d0d728-c1f7-4c2d-b6de-c9d662f9a35a",
      "name": "Response updates",
      "action": "OUTBOUND_CALLBACK",
      "type": "OUTBOUND_WEBHOOK",
      "deployed": true,
      "form": "3c3d016a-ba6a-454b-b1c5-7e682b876936",
      "script": "// Capture callbacks\r\nvar callback = JSON.parse(request.body);\r\n\r\n// Convert list of event properties to an eventProperties object\r\nif (callback.eventProperties.constructor === Array) {\r\n        var eventProperties = callback.eventProperties;\r\n        callback.eventProperties = {};\r\n\r\n        for (var i = 0; i < eventProperties.length; i++) {\r\n            var eventProperty = eventProperties[i];\r\n            var key = Object.keys(eventProperty)[0];\r\n            callback.eventProperties[key] = eventProperty[key];\r\n        }\r\n\r\n    }\r\n\r\nvar slackWebHookURL = callback.eventProperties.response_url;\r\nif (slackWebHookURL === null) {\r\n    console.log(\"Make sure property response_url is included in callbacks\");\r\n    return;\r\n}\r\nvar slackPath  = slackWebHookURL.substring(slackWebHookURL.indexOf(\".com\") + 4);\r\n\r\nvar payload = {};\r\n\r\npayload.channel = '#' + callback.eventProperties.channel_name;\r\npayload.text    = 'xM Event \"' + callback.eventIdentifier + '\": ' + \r\n      callback.recipient + ' responded with \"' + \r\n      callback.response + '\"' + \r\n      (callback.annotation===\"null\" || callback.annotation===null ? '' : (\". \" + callback.annotation) );\r\n\r\nvar req = http.request({\r\n    method: 'POST',\r\n    endpoint:'Slack',\r\n    path: slackPath, \r\n    headers: {\r\n        'Content-Type': 'application/json',\r\n    }\r\n});\r\n\r\nreq.write(payload);"
    }
  ],
  "endpoints": [
    {
      "name": "Slack",
      "baseUrl": "https://hooks.slack.com",
      "type": "EXTERNAL",
      "authentication": "NO_AUTH"
    }
  ]
}