{
	"instanceId":"fhvbvjhfvkdfvjkdfjkvd",
	"channelId": "Y2lzY2ZmRmMy0zZjRjLWJiM2MtZjZmY2U5Yzc5ODcy",
	"integrationId": "Y2lzY29zcGFyazovL3VzL0FQUExJQ0FUSU9OL0MzNWJhMWNlYTVlNWMwNDdhNmYwNTc1ZjE1NjU0MWZiMmY1OGQ1NDczMDdkNmUyMWYzNDQ3NzBiNzdmOGMxNWFh",
	"status": "ACTIVE",
	"userId": "Y2lzY29zcGFyazovL3VzL1BFT1BMRS9mMGU2OWMzYi1lMzU4LTQ3ZTUtODQyYy02MWMxMmRlNTVhY2Q",
	"messageFormat": "GoogleDrive Bot :Hello...User",
	"configJson": {
		"room_name": "Cisco Spark",
		"file_id":"0B274k5SCPgI-WWd3a18tRlNyUUU",
		"user_name": "Steve",
		"displayName": "GoogleDrive 356",
		"authenticated_to": "mark"
	},
	"instanceUuid":"jhbfgjhk455375"
}