{
  "accessToken": "32ergejwrenfwfwjr3or3j-fskjnegkeglnr-2315245",
  "expires": "2016-06-03T13:40:42.502-03:00",
  "refreshToken": "2312313gsgsdgregsgegegw-gerweaewaxd32",
  "refreshExpires": "2016-06-03T13:40:42.502-03:00",
  "settings": {
    "room": "aaabbc",
    "type": "commits",
    "username": "aaabbc",
    "webhook_url": "https://cisco-spark-pagerduty-management-dev.cloudhub.io/api/hooks/hta5bf5b-cdc0-40cb-84d6-2df220c7a70a",
    "password": "aaxcbbb",
    "clientId": "aacer4ref3",
    "clientSecret": "dfsfrgweggrger"
  },
  "instanceUuid": "c691ccac-5484-44b7-bec2-f553d66c3114",
  "messageFormat": "Pagerduty: #{event} has happened",
  "channelId": "fsdfsdfsff"
}