{
	"instanceId":"1992",
	"channelId": "Y2lzY2ZmRmMy0zZjRjLWJiM2MtZjZmY2U5Yzc5ODcy",
	"integrationId": "Y2lzY29zcGFyazovL3VzL0FQUExJQ0FUSU9OLzIzMjI0MTUwLWUyYzctNGE2NS1iM2MwLTI4NzA5Zjc3YmE0ZA",
	"status": "ACTIVE",
	"userId": "Y2lzY29zcGFyazovL3VzL1BFT1BMRS8yYTA0YzVkMy0yNGJjLTQ1ZWItYmQzYS05ZDU1OGRmMmZhMjI",
	"messageFormat": "GoogleCalendar Bot :Hello...User",
	"configJson": {
		"calendar_id":"1c1nsrpaoek2tam03dc77f5ht8@group.calendar.google.com",
		"displayName": "GoogleCalendar DisplayName",
		"id": "varma2",
  		"resourceId": "GGfFAKfkGxwsMIztAPJjQhWTSkA",
  		"resourceUri": "https://www.googleapis.com/calendar/v3/users/me/calendarList?alt=json",
  		"expiration": "2016-09-28 03:45:40.000",
		"notifications":["eventCreation","eventChange","eventCancellation","eventResponse"]
	},
	"instanceUuid":"jhbfgjhk455375"
}