<metadata__catalog__entry>
  <version>5.2.0.0</version>
  <types class="tree-map">
    <entry>
      <org.mule.common.metadata.DefaultMetaDataKey>
        <id>BOOK</id>
        <displayName>Book</displayName>
        <category>DataSenseResolver</category>
        <metaDataKeyPropertiesManager>
          <properties>
            <org.mule.common.metadata.key.property.dsql.DsqlFromMetaDataKeyProperty/>
          </properties>
        </metaDataKeyPropertiesManager>
      </org.mule.common.metadata.DefaultMetaDataKey>
      <null/>
    </entry>
    <entry>
      <org.mule.common.metadata.DefaultMetaDataKey>
        <id>USER</id>
        <displayName>User</displayName>
        <category>DataSenseResolver</category>
        <metaDataKeyPropertiesManager>
          <properties>
            <org.mule.common.metadata.key.property.dsql.DsqlFromMetaDataKeyProperty/>
          </properties>
        </metaDataKeyPropertiesManager>
      </org.mule.common.metadata.DefaultMetaDataKey>
      <null/>
    </entry>
  </types>
  <connectorName>CiscoSpark__Configuration1</connectorName>
</metadata__catalog__entry>