<?xml version="1.0" encoding="UTF-8"?>

<mule xmlns:metadata="http://www.mulesoft.org/schema/mule/metadata" xmlns:dw="http://www.mulesoft.org/schema/mule/ee/dw" xmlns:http="http://www.mulesoft.org/schema/mule/http" xmlns:tracking="http://www.mulesoft.org/schema/mule/ee/tracking" xmlns="http://www.mulesoft.org/schema/mule/core" xmlns:doc="http://www.mulesoft.org/schema/mule/documentation"
	xmlns:spring="http://www.springframework.org/schema/beans" 
	xmlns:xsi="http://www.w3.org/2001/XMLSchema-instance"
	xsi:schemaLocation="http://www.springframework.org/schema/beans http://www.springframework.org/schema/beans/spring-beans-current.xsd
http://www.mulesoft.org/schema/mule/core http://www.mulesoft.org/schema/mule/core/current/mule.xsd
http://www.mulesoft.org/schema/mule/ee/tracking http://www.mulesoft.org/schema/mule/ee/tracking/current/mule-tracking-ee.xsd
http://www.mulesoft.org/schema/mule/http http://www.mulesoft.org/schema/mule/http/current/mule-http.xsd
http://www.mulesoft.org/schema/mule/ee/dw http://www.mulesoft.org/schema/mule/ee/dw/current/dw.xsd">
    <flow name="getClientAppSettingsOperationFlow">
        <http:request config-ref="HTTP_Integrations_Runtime_Request_Configuration" path="/clients/appSettings" method="GET" doc:name="HTTP">
            <http:request-builder>
                <http:query-param paramName="client_id" value="${runtime.clientidenforcement.id}"/>
                <http:query-param paramName="client_secret" value="${runtime.clientidenforcement.secret}"/>
                <http:header headerName="Content-Type" value="application/json"/>

            </http:request-builder>
            <http:failure-status-code-validator values="500..599"/>
        </http:request>
        <dw:transform-message doc:name="Transform Message To Json">
            <dw:set-payload resource="classpath:dwScripts/fromPayloadToJson.dwl"/>
        </dw:transform-message>
    </flow>
    <flow name="getClientAppSettingsPerIntegrationIdOperationFlow">
        <http:request config-ref="HTTP_Integrations_Runtime_Request_Configuration" path="/clients/appSettings/{integrationId}" method="GET" doc:name="HTTP">
            <http:request-builder>
                <http:query-param paramName="client_id" value="${runtime.clientidenforcement.id}"/>
                <http:query-param paramName="client_secret" value="${runtime.clientidenforcement.secret}"/>
                <http:uri-param paramName="integrationId" value="#[flowVars['integrationId']]"/>
                <http:header headerName="Content-Type" value="application/json"/>

            </http:request-builder>
            <http:failure-status-code-validator values="500..599"/>
        </http:request>
        <dw:transform-message doc:name="Transform Message To Json">
            <dw:set-payload resource="classpath:dwScripts/fromPayloadToJson.dwl"/>
        </dw:transform-message>
    </flow>
</mule>
