<?xml version="1.0" encoding="UTF-8"?>

<mule xmlns:CiscoSpark="http://www.mulesoft.org/schema/mule/CiscoSpark" xmlns:metadata="http://www.mulesoft.org/schema/mule/metadata" xmlns:json="http://www.mulesoft.org/schema/mule/json"
	xmlns:dw="http://www.mulesoft.org/schema/mule/ee/dw" xmlns:http="http://www.mulesoft.org/schema/mule/http" xmlns:tracking="http://www.mulesoft.org/schema/mule/ee/tracking" xmlns="http://www.mulesoft.org/schema/mule/core" xmlns:doc="http://www.mulesoft.org/schema/mule/documentation"
	xmlns:spring="http://www.springframework.org/schema/beans" 
	xmlns:xsi="http://www.w3.org/2001/XMLSchema-instance"
	xsi:schemaLocation="http://www.mulesoft.org/schema/mule/json http://www.mulesoft.org/schema/mule/json/current/mule-json.xsd
http://www.springframework.org/schema/beans http://www.springframework.org/schema/beans/spring-beans-current.xsd
http://www.mulesoft.org/schema/mule/core http://www.mulesoft.org/schema/mule/core/current/mule.xsd
http://www.mulesoft.org/schema/mule/ee/tracking http://www.mulesoft.org/schema/mule/ee/tracking/current/mule-tracking-ee.xsd
http://www.mulesoft.org/schema/mule/ee/dw http://www.mulesoft.org/schema/mule/ee/dw/current/dw.xsd
http://www.mulesoft.org/schema/mule/http http://www.mulesoft.org/schema/mule/http/current/mule-http.xsd
http://www.mulesoft.org/schema/mule/CiscoSpark http://www.mulesoft.org/schema/mule/CiscoSpark/current/mule-CiscoSpark.xsd">
    <flow name="postUiSettingsImplementationFlow">
        <dw:transform-message doc:name="Transform Message">
            <dw:set-variable variableName="postUiSettingsRequest"><![CDATA[%dw 1.0
%output application/json
---
payload]]></dw:set-variable>
        </dw:transform-message>
        <set-variable variableName="integrationId" value="#[flowVars['integrationId']]" doc:name="Set Integration ID"/>
        <enricher target="#[flowVars['integrationSettings']]" doc:name="Integration Settings">
            <flow-ref name="getIntegrationSettingsFlow" doc:name="getIntegrationSettingsFlow"/>
        </enricher>
        <enricher target="#[flowVars['postSettingsResponse']]" doc:name="Message Enricher">
            <flow-ref name="invokeDynamicUiSettingsFlow" doc:name="invokeDynamicUiSettingsFlow"/>
        </enricher>
        <dw:transform-message doc:name="Transform Message">
            <dw:set-payload><![CDATA[%dw 1.0
%output application/json
---
{
	"postSpecificIntegrationSettings": flowVars['postSettingsResponse']
}]]></dw:set-payload>
        </dw:transform-message>
        
	
        

        
    </flow>
    
    <flow name="invokeDynamicUiSettingsFlow">
        <set-variable variableName="dynamicHost" value="#[flowVars['integrationSettings']['host']]" doc:name="Dynamic Host"/>
        <set-variable variableName="dynamicPort" value="#[flowVars['integrationSettings']['port']]" doc:name="Dyanmic Port"/>
        <set-variable variableName="dynamicBasePath" value="#[flowVars['integrationSettings']['basePath']]" doc:name="Dynamic Base Path"/>
        <dw:transform-message doc:name="Transform Message">
            <dw:set-payload><![CDATA[%dw 1.0
%output application/json
---
flowVars['postUiSettingsRequest']]]></dw:set-payload>
        </dw:transform-message>
        <logger message="UI POST Request to Dynamic_flow = #[message.payloadAs(java.lang.String)]" level="DEBUG" doc:name="Logger"/>
        <http:request config-ref="HTTP_Dynamic_Request_Configuration" path="/settings" method="POST" doc:name="Call Speicific Integration">
            <http:failure-status-code-validator values="500..599"/>
        </http:request>
        <object-to-string-transformer doc:name="Object to String"/>
        <json:object-to-json-transformer doc:name="Object to JSON"/>
        <dw:transform-message doc:name="Transform Response to Java">
            <dw:set-payload resource="classpath:dwScripts/fromPayloadToJava.dwl"/>
        </dw:transform-message>

    </flow>
</mule>
