{
  "hookResponse": {
    "events": [
      {
        "resource": 256174188030489,
        "user": 211495747884480,
        "type": "task",
        "action": "added",
        "created_at": "2017-01-27T14:07:44.491Z",
        "parent": 256187407656728
      },
      {
        "resource": 256174188030489,
        "user": 211495747884480,
        "type": "task",
        "action": "changed",
        "created_at": "2017-01-27T14:07:44.505Z",
        "parent": null
      },
      {
        "resource": 256247360979172,
        "user": 211495747884480,
        "type": "story",
        "action": "added",
        "created_at": "2017-01-27T14:07:44.501Z",
        "parent": 256174188030489
      }
    ]
  },
  "userEvents": "{\"project_id\":\"254198644626092\",\"organization_id\":\"9433177677643\",\"team_id\":\"214681741682163\",\"displayName\":\"4-33pm\",\"webhook_id\":254213845799650,\"notifications\":[\"created\",\"subtask\",\"assigned\",\"unassigned\",\"completed\",\"incomplete\",\"comment\",\"attachment\",\"duedate\",\"taskcopied\",\"markfavorite\",\"markduplicate\",\"subtask_taskcopied\",\"subtask_duedate\",\"subtask_assigned\",\"subtask_unassigned\",\"subtask_completed\",\"subtask_incomplete\",\"subtask_comment\",\"subtask_attachment\",\"subtask_markfavorite\",\"subtask_markduplicate\"],\"asana_user_id\":211495747884480}",
  "instanceDetails": {
    "instanceId": 11568,
    "integrationId": "Y2lzY29zcGFyazovL3VzL0FQUExJQ0FUSU9OL0MxOGZiZWJkMmQ4OWQ1Y2JiYTZlYzY3OGE0MzNhYWQ3YzYyZjMyYzBhZWU4NWU2MGEwMDE4ZDI5NjRlZmZjNmFi",
    "userId": "Y2lzY29zcGFyazovL3VzL1BFT1BMRS85ZDE3OTViNC02MWE0LTQ2ZTQtYTZjOC04YTBkMDUwYmRkYTQ",
    "updatedDate": "2017-01-27T10:44:57",
    "messageFormat": "Asana Bot",
    "createdDate": "2017-01-25T11:03:44",
    "status": "ACTIVE",
    "channelId": "Y2lzY29zcGFyazovL3VzL1JPT00vMGFiNTMyMDAtYWMxMC0xMWU2LWEyY2EtZjU5YzNmNDM3NTIy",
    "configJson": "{\"project_id\":\"254198644626092\",\"organization_id\":\"9433177677643\",\"team_id\":\"214681741682163\",\"displayName\":\"4-33pm\",\"webhook_id\":254213845799650,\"notifications\":[\"created\",\"subtask\",\"assigned\",\"unassigned\",\"completed\",\"incomplete\",\"comment\",\"attachment\",\"duedate\",\"taskcopied\",\"markfavorite\",\"markduplicate\",\"subtask_taskcopied\",\"subtask_duedate\",\"subtask_assigned\",\"subtask_unassigned\",\"subtask_completed\",\"subtask_incomplete\",\"subtask_comment\",\"subtask_attachment\",\"subtask_markfavorite\",\"subtask_markduplicate\"],\"asana_user_id\":211495747884480}",
    "instanceUuid": "f009a7f0-e2ed-11e6-b9c6-12258e4e24c4"
  }
}