<?xml version="1.0" encoding="UTF-8"?>

<mule xmlns:dw="http://www.mulesoft.org/schema/mule/ee/dw" xmlns:db="http://www.mulesoft.org/schema/mule/db" xmlns:tracking="http://www.mulesoft.org/schema/mule/ee/tracking" xmlns="http://www.mulesoft.org/schema/mule/core" xmlns:doc="http://www.mulesoft.org/schema/mule/documentation"
	xmlns:spring="http://www.springframework.org/schema/beans" 
	xmlns:xsi="http://www.w3.org/2001/XMLSchema-instance"
	xsi:schemaLocation="http://www.springframework.org/schema/beans http://www.springframework.org/schema/beans/spring-beans-current.xsd
http://www.mulesoft.org/schema/mule/core http://www.mulesoft.org/schema/mule/core/current/mule.xsd
http://www.mulesoft.org/schema/mule/ee/tracking http://www.mulesoft.org/schema/mule/ee/tracking/current/mule-tracking-ee.xsd
http://www.mulesoft.org/schema/mule/db http://www.mulesoft.org/schema/mule/db/current/mule-db.xsd
http://www.mulesoft.org/schema/mule/ee/dw http://www.mulesoft.org/schema/mule/ee/dw/current/dw.xsd">
    <flow name="getTwitterSettingsFlow">
        <db:select config-ref="MySQL_Configuration" doc:name="Database">
            <db:parameterized-query><![CDATA[SELECT * FROM TWITTER_ID_SETTINGS WHERE user_id=#[flowVars['userId']]]]></db:parameterized-query>
        </db:select>
        <choice doc:name="Choice">
            <when expression="#[payload != []]">
                <dw:transform-message doc:name="Transform Message">
                    <dw:input-payload mimeType="application/java"/>
                    <dw:set-payload resource="classpath:dwScripts/buildGetTwitterSettingsFlowExample.dwl"/>
                </dw:transform-message>
            </when>
            <otherwise>
                <dw:transform-message doc:name="Transform Message">
         			<dw:input-payload mimeType="application/java"/>
         			<dw:set-payload resource="classpath:dwScripts/buildGoogleDriveNoResultExample.dwl"/>
                </dw:transform-message>
            </otherwise>
        </choice>
    </flow>
    <flow name="putTwitterSettingsFlow">
        <dw:transform-message doc:name="Transform Message">
            <dw:input-payload mimeType="application/json"/>
            <dw:set-payload resource="classpath:dwScripts/fromObjectToJava.dwl"/>
        </dw:transform-message>
        <db:update config-ref="MySQL_Configuration" doc:name="Database">
            <db:parameterized-query><![CDATA[UPDATE TWITTER_ID_SETTINGS SET
tweet_id = IF (#[payload['tweetId'] != empty], #[payload['tweetId']], tweet_id), mention_id = IF (#[payload['mentionId'] != empty], #[payload['mentionId']], mention_id)
WHERE user_id = #[flowVars['userId']]]]></db:parameterized-query>


        </db:update>
        <dw:transform-message doc:name="Transform Message">
            <dw:input-payload mimeType="application/java"/>
            <dw:set-payload resource="classpath:dwScripts/buildGoogleDriveOperationExample.dwl"/>
        </dw:transform-message>
    </flow>
    <flow name="postTwitterSettingsFlow">
        <dw:transform-message doc:name="Transform Message">
          <dw:input-payload mimeType="application/json"/>
          <dw:set-payload resource="classpath:dwScripts/fromObjectToJava.dwl"/>
        </dw:transform-message>
        <db:insert config-ref="MySQL_Configuration" doc:name="Database">
            <db:parameterized-query><![CDATA[INSERT INTO TWITTER_ID_SETTINGS(token_id,user_id,tweet_id,mention_id) VALUES(#[payload['tokenId']],#[flowVars['userId']],#[payload['tweetId']],#[payload['mentionId']])]]></db:parameterized-query>


        </db:insert>
        <dw:transform-message doc:name="Transform Message">
            <dw:input-payload mimeType="application/java"/>
            <dw:set-payload resource="classpath:dwScripts/buildGoogleDriveOperationExample.dwl"/>
        </dw:transform-message>
    </flow>
</mule>
