{
  "integrationId": "hvbshdfvkvvnlsdjvnSDSDDF",
  "settings": {
    "api_version": "1",
    "integration_type": "\"Hook\"",
    "host": "cisco-spark-bitbucket-integration.cloudhub.io",
    "setup_page_uri": null,
    "settings_id": 1,
    "base_path": "/api",
    "port": "443",
    "edit_page_uri": null,
    "delete_page_uri": null,
    "integration_id": 1
  },
  "integrationInstanceResponse": {
    "id": 70,
    "message": "Operation successfully executed"
  },
  "tokenResponse": {
    "id": 13,
    "message": "Operation successfully executed"
  },
  "startResponse": {
    "result": "Ok"
  }
}