{
	"instanceId": 11596,
	"integrationId": "Y2lzY29zcGFyazovL3VzL0FQUExJQ0FUSU9OL0M3MjU0ZTk0OWFkNjY1ODlmZjA0MDVmZDRhMzM2YjY1NmNkOTE0OWI1ZGVhYzdhNTAyNDM5MTIyZTMwYjg4MGM1",
	"userId": "Y2lzY29zcGFyazovL3VzL1BFT1BMRS9mMGU2OWMzYi1lMzU4LTQ3ZTUtODQyYy02MWMxMmRlNTVhY2Q",
	"updatedDate": "2017-01-27T01:02:07",
	"messageFormat": "xMatters Bot :Hello...User",
	"createdDate": "2017-01-27T05: 17: 14 ",
	"status ":"ACTIVE ",
	"channelId ":"Y2lzY29zcGFyazovL3VzL1JPT00vNWRmYzJjZDAtZTQ5MC0xMWU2LWJlNTItNWRhZDJjOGI2MjQ5 ",
	"configJson": "{\"displayName\":\"test\",\"webhookUrl\":\"https://cisco-spark-integration-management.cloudhub.io/api/hooks/cb62d4e0-e44f-11e6-a7cc-12a0df180f38\"}",
	"instanceUuid": "cb62d4e0-e44f-11e6-a7cc-12a0df180f38"
}