{
  "hookResponse":{
	"recipient": "kpradeep.eidiko",
	"device": "Work Email",
	"deliveryStatus": "Delivered",
	"deviceId": 228801,
	"eventType": null,
	"message": null,
	"eventIdentifier": 1734172,
	"date": "17-01-24 07:10:29.976",
	"eventProperties": [{
		"event details": "IT communications Plan"
	}, {
		"Details": "The problem is being worked on and we will send additional updates shortly."
	}, {
		"Severity": "Critical"
	}, {
		"Service": "Email Server"
	}, {
		"Status": "Under Maintenance"
	}]
},
  "userEvents": "{\"displayName\":\"test1\",\"webhookUrl\":\"https://cisco-spark-integration-management-new-dev.cloudhub.io/api/hooks/b9d376f0-bd47-11e6-bca9-0e1fb44ffe78\"}",
  "instanceDetails": {
    "instanceId": 9671,
    "integrationId": "Y2lzY29zcGFyazovL3VzL0FQUExJQ0FUSU9OL0M3MjU0ZTk0OWFkNjY1ODlmZjA0MDVmZDRhMzM2YjY1NmNkOTE0OWI1ZGVhYzdhNTAyNDM5MTIyZTMwYjg4MGM1",
    "userId": "Y2lzY29zcGFyazovL3VzL1BFT1BMRS8yYTA0YzVkMy0yNGJjLTQ1ZWItYmQzYS05ZDU1OGRmMmZhMjI",
    "updatedDate": "2016-12-08T01:27:41",
    "messageFormat": "xMatters Bot :Hello...User",
    "createdDate": "2016-12-08T01:11:23",
    "status": "ACTIVE",
    "channelId": "Y2lzY29zcGFyazovL3VzL1JPT00vMjNmM2ExOTAtMzIxNS0xMWU2LTk2ZDgtOTFjYTk1OTY4ZDU1",
    "configJson": "{\"displayName\":\"test1\",\"webhookUrl\":\"https://cisco-spark-integration-management.cloudhub.io/api/hooks/b9d376f0-bd47-11e6-bca9-0e1fb44ffe78\"}",
    "instanceUuid": "b9d376f0-bd47-11e6-bca9-0e1fb44ffe78"
  }
}