{
  "userId": "Y2lzY29zcGFyazovL3VzL1BFT1BMRS8yYTA0YzVkMy0yNGJjLTQ1ZWItYmQzYS05ZDU1OGRmMmZhMjI",
  "instanceId": 10848,
  "instanceUuid": "e7c12d70-d802-11e6-811d-0e7eb3a56438",
  "integrationId": "Y2lzY29zcGFyazovL3VzL0FQUExJQ0FUSU9OL0MxOGZiZWJkMmQ4OWQ1Y2JiYTZlYzY3OGE0MzNhYWQ3YzYyZjMyYzBhZWU4NWU2MGEwMDE4ZDI5NjRlZmZjNmFi",
  "configJson": {
    "notifications": [
      "created",
      "completed",
      "assigned",
      "subtask",
      "comment",
      "attachment",
      "duedate",
      "incomplete",
      "markfavorite",
      "markduplicate",
      "taskcopied"
    ],
    "project_id": "192182889868439",
    "team_id": "187156701640407",
    "organization_id": "9433177677643",
    "displayName": "test",
    "asana_user_id": 187152065370189
  },
  "messageFormat": "Asana Bot",
  "channelId": "Y2lzY29zcGFyazovL3VzL1JPT00vZjY0OWQ2MTAtMmZiYy0xMWU2LTkyODQtZmI2ZDExOTlmZTM3",
  "status": "ACTIVE"
}