{
  "hookResponse": {
    "events": [
      {
        "resource": 276130643571191,
        "user": 211495747884480,
        "type": "project",
        "action": "changed",
        "created_at": "2017-02-21T06:20:57.680Z",
        "parent": null
      },
      {
        "resource": 276130643571191,
        "user": 211495747884480,
        "type": "project",
        "action": "changed",
        "created_at": "2017-02-21T06:20:57.822Z",
        "parent": null
      },
      {
        "resource": 276699526189853,
        "user": 211495747884480,
        "type": "task",
        "action": "added",
        "created_at": "2017-02-21T06:20:57.666Z",
        "parent": 276130643571191
      },
      {
        "resource": 276699526189853,
        "user": 211495747884480,
        "type": "task",
        "action": "changed",
        "created_at": "2017-02-21T06:20:57.678Z",
        "parent": null
      },
      {
        "resource": 276714778344958,
        "user": 211495747884480,
        "type": "story",
        "action": "added",
        "created_at": "2017-02-21T06:20:57.674Z",
        "parent": 276699526189853
      }
    ]
  },
  "userEvents": "{\"project_id\":\"276130643571191\",\"organization_id\":\"9433177677643\",\"team_id\":\"214681741682163\",\"displayName\":\"Developer - Weblogic\",\"webhook_id\":276221724256015,\"notifications\":[\"created\",\"subtask\",\"assigned\",\"unassigned\",\"completed\",\"incomplete\",\"comment\",\"attachment\",\"duedate\",\"taskcopied\",\"markfavorite\",\"markduplicate\",\"subtask_taskcopied\",\"subtask_duedate\",\"subtask_assigned\",\"subtask_unassigned\",\"subtask_completed\",\"subtask_incomplete\",\"subtask_comment\",\"subtask_attachment\",\"subtask_markfavorite\",\"subtask_markduplicate\"],\"asana_user_id\":211495747884480}",
  "instanceDetails": {
    "instanceId": 72280,
    "integrationId": "Y2lzY29zcGFyazovL3VzL0FQUExJQ0FUSU9OL0MxOGZiZWJkMmQ4OWQ1Y2JiYTZlYzY3OGE0MzNhYWQ3YzYyZjMyYzBhZWU4NWU2MGEwMDE4ZDI5NjRlZmZjNmFi",
    "userId": "Y2lzY29zcGFyazovL3VzL1BFT1BMRS85ZDE3OTViNC02MWE0LTQ2ZTQtYTZjOC04YTBkMDUwYmRkYTQ",
    "updatedDate": "2017-02-21T06:17:06",
    "messageFormat": "Asana Bot",
    "createdDate": "2017-02-20T01:11:15",
    "status": "ACTIVE",
    "channelId": "Y2lzY29zcGFyazovL3VzL1JPT00vMGFiNTMyMDAtYWMxMC0xMWU2LWEyY2EtZjU5YzNmNDM3NTIy",
    "configJson": "{\"project_id\":\"276130643571191\",\"organization_id\":\"9433177677643\",\"team_id\":\"214681741682163\",\"displayName\":\"Developer - Weblogic\",\"webhook_id\":276221724256015,\"notifications\":[\"created\",\"subtask\",\"assigned\",\"unassigned\",\"completed\",\"incomplete\",\"comment\",\"attachment\",\"duedate\",\"taskcopied\",\"markfavorite\",\"markduplicate\",\"subtask_taskcopied\",\"subtask_duedate\",\"subtask_assigned\",\"subtask_unassigned\",\"subtask_completed\",\"subtask_incomplete\",\"subtask_comment\",\"subtask_attachment\",\"subtask_markfavorite\",\"subtask_markduplicate\"],\"asana_user_id\":211495747884480}",
    "instanceUuid": "0f197a50-f76e-11e6-b095-0efa54c4cf88"
  }
}