{
  "integrations": [
    {
      "id": "4cb0e207-5a73-4183-abd8-6f35fd1e7bf3",
      "name": "Invite to Space",
      "action": "CREATE_EVENT",
      "type": "INBOUND_WEBHOOK",
      "deployed": true,
      "form": "3c3d016a-ba6a-454b-b1c5-7e682b876936",
      "script": "var data;\n//If your data is posted as JSON\n//data = JSON.parse(request.body);\n\n// If yourdata is posted as query string parameters or form post body\ndata = request.parameters;\n//Ifyour data is posted as xml\n	//data = JXON.parse(request.body)\n\n// Parse data from incoming payloadand construct the trigger object\ntrigger.properties.user_name = data.user_name;\ntrigger.properties.channel_name = data.channel_name;\ntrigger.properties.text =data.text;\ntrigger.properties.channel_id = data.channel_id;\ntrigger.properties.command =data.command;\ntrigger.properties.team_domain = data.team_domain;\ntrigger.properties.user_id =data.user_id;\n\n// Identify requested recipients\nvar targets = data.text.split(' ');\n\n// Define recipients\ntrigger.recipients = [];\nfor (var i = 0; i < targets.length; i++) {\n   trigger.recipients.push({'targetName': targets[i]});\n}\n// Post trigger to form\nform.post(trigger);"
    }
  ],
  "endpoints": [
    {
      "name": "Cisco Spark",
      "baseUrl": "https://web.ciscospark.com",
      "type": "EXTERNAL",
      "authentication": "NO_AUTH"
    }
  ]
}