{
	"instanceId":"1992",
	"channelId": "Y2lzY2ZmRmMy0zZjRjLWJiM2MtZjZmY2U5Yzc5ODcy",
	"integrationId": "Y2lzY29zcGFyazovL3VzL0FQUExJQ0FUSU9OL0MwNWY1MWQ2MTFiYzFkOTU0MjY3NWY1ZmQ3N2RkMWI0YTRhZDI5ZTEyZTc1YTc0ZGVhNjQ2ZDcwOTgzY2ZkZjcz",
	"status": "ACTIVE",
	"userId": "Y2lzY29zcGFyazovL3VzL1BFT1BMRS8yYTA0YzVkMy0yNGJjLTQ1ZWItYmQzYS05ZDU1OGRmMmZhMjI",
	"messageFormat": "GoogleCalendar Bot :Hello...User",
	"configJson": {
		"calendar_id":"1c1nsrpaoek2tam03dc77f5ht8@group.calendar.google.com",
		"displayName": "GoogleCalendar DisplayName",
		"notifications":["eventCreation","eventChange","eventCancellation","eventResponse"]
	},
	"instanceUuid":"jhbfgjhk455375"
}