<?xml version="1.0" encoding="UTF-8"?>

<mule xmlns:scripting="http://www.mulesoft.org/schema/mule/scripting" xmlns:file="http://www.mulesoft.org/schema/mule/file" xmlns="http://www.mulesoft.org/schema/mule/core" xmlns:doc="http://www.mulesoft.org/schema/mule/documentation"
	xmlns:spring="http://www.springframework.org/schema/beans" 
	xmlns:xsi="http://www.w3.org/2001/XMLSchema-instance"
	xsi:schemaLocation="http://www.springframework.org/schema/beans http://www.springframework.org/schema/beans/spring-beans-current.xsd
http://www.mulesoft.org/schema/mule/core http://www.mulesoft.org/schema/mule/core/current/mule.xsd
http://www.mulesoft.org/schema/mule/file http://www.mulesoft.org/schema/mule/file/current/mule-file.xsd
http://www.mulesoft.org/schema/mule/scripting http://www.mulesoft.org/schema/mule/scripting/current/mule-scripting.xsd">
    <flow name="freeze-application-using-groovyFlow">
        <file:inbound-endpoint path="C:\Users\db2admin.bandaru-PC\Downloads\New folder\New folder\Folder1" responseTimeout="10000" doc:name="File"/>
        <scripting:component doc:name="Groovy">
            <scripting:script engine="Groovy"><![CDATA[sleep(1000);
System.out.println("Freezing for 10 seconds");
return message.payload;]]></scripting:script>
        </scripting:component>
        <file:outbound-endpoint path="C:\Users\db2admin.bandaru-PC\Downloads\New folder\New folder\Folder2" responseTimeout="10000" doc:name="File"/>
    </flow>
</mule>
