<?xml version="1.0" encoding="UTF-8"?>

<mule xmlns:tracking="http://www.mulesoft.org/schema/mule/ee/tracking" xmlns:http="http://www.mulesoft.org/schema/mule/http" xmlns="http://www.mulesoft.org/schema/mule/core"
	xmlns:doc="http://www.mulesoft.org/schema/mule/documentation"
	xmlns:spring="http://www.springframework.org/schema/beans" 
	xmlns:xsi="http://www.w3.org/2001/XMLSchema-instance"
	xsi:schemaLocation="http://www.mulesoft.org/schema/mule/http http://www.mulesoft.org/schema/mule/http/current/mule-http.xsd
http://www.springframework.org/schema/beans http://www.springframework.org/schema/beans/spring-beans-current.xsd
http://www.mulesoft.org/schema/mule/core http://www.mulesoft.org/schema/mule/core/current/mule.xsd
http://www.mulesoft.org/schema/mule/ee/tracking http://www.mulesoft.org/schema/mule/ee/tracking/current/mule-tracking-ee.xsd">

	
	<flow name="mule_flow_dynamic">
		<http:listener config-ref="HTTP_Listener_Configuration"
			path="/details" allowedMethods="POST" doc:name="HTTP" />
		<set-variable variableName="loc"
			value="#[message.inboundProperties.'http.query.params'.location]"
			doc:name="Variable" />
		<choice doc:name="Choice">
			<when expression="#[flowVars.loc == &quot;Berlin&quot;]">
				<set-payload value="Berlin Location Service" doc:name="Route to Berlin" />
			</when>
			<when expression="#[flowVars.loc == &quot;London&quot;]">
				<set-payload value="London Location Service" doc:name="Route to London" />
			</when>
			<when expression="#[flowVars.loc == &quot;Numberg&quot;]">
				<set-payload value="Numberg Location Service" doc:name="Route to Numberg" />
			</when>
			<otherwise>
				<set-payload value="Default Location Service" doc:name="Set Payload" />
			</otherwise>
		</choice>
	</flow>



</mule>
