<?xml version="1.0" encoding="UTF-8"?>

<mule xmlns:http="http://www.mulesoft.org/schema/mule/http" xmlns="http://www.mulesoft.org/schema/mule/core" xmlns:doc="http://www.mulesoft.org/schema/mule/documentation"
	xmlns:spring="http://www.springframework.org/schema/beans" 
	xmlns:xsi="http://www.w3.org/2001/XMLSchema-instance"
	xsi:schemaLocation="http://www.springframework.org/schema/beans http://www.springframework.org/schema/beans/spring-beans-current.xsd
http://www.mulesoft.org/schema/mule/core http://www.mulesoft.org/schema/mule/core/current/mule.xsd
http://www.mulesoft.org/schema/mule/http http://www.mulesoft.org/schema/mule/http/current/mule-http.xsd">
    <http:listener-config name="HTTP_Listener_Configuration" host="localhost" port="8845" doc:name="HTTP Listener Configuration"/>
    <flow name="removing_duplicate_messagesFlow">
        <http:listener config-ref="HTTP_Listener_Configuration" path="/test/uniqueness" doc:name="HTTP"/>
        <idempotent-message-filter doc:name="Idempotent Message" idExpression="#[message:payload]" throwOnUnaccepted="true" onUnaccepted="ValidationFailFlow">
        	<simple-text-file-store directory="./Idempotent"/>
        </idempotent-message-filter>
        <logger message="Only Unique Messages" level="INFO" doc:name="Logger"/>
        <set-payload value="#['Only Unique Messages']" doc:name="Set Payload"/>
        <catch-exception-strategy logException="false" doc:name="Catch Exception Strategy">
            <set-payload value="#['End With Exception']" doc:name="Set Payload"/>
        </catch-exception-strategy>
    </flow>
    <sub-flow name="ValidationFailFlow">
        <logger message="Validation Fail Flow" level="INFO" doc:name="Logger"/>
        <set-payload value="#['Validation Fail Flow']" doc:name="Set Payload"/>
    </sub-flow>
</mule>
